asset_id,asset_type,zone,material,age_years,traffic_density,average_load,annual_rainfall,average_temperature,maintenance_count,days_since_maintenance,days_since_inspection,structural_score,corrosion_level,previous_failures,usage_intensity,failure,remaining_useful_life
ASSET-0001,Electrical Pole,North,Concrete,22.97,52.23,114.43,2113.82,22.89,3,246.34,256.74,63.55,45.85,0,49.62,0,11.26
ASSET-0002,Bridge,South,Steel,20.42,16.73,43.25,862.63,15.88,4,47.36,38.77,98.38,30.48,1,32.35,0,26.37
ASSET-0003,Electrical Pole,Industrial,Copper,12.56,57.22,60.47,1425.42,19.59,3,71.86,365.23,71.76,13.85,2,36.02,1,29.92
ASSET-0004,Drainage,North,Concrete,20.09,15.81,55.15,1318.12,31.65,4,110.75,149.89,45.39,20.6,0,77.03,1,17.77
ASSET-0005,Bridge,Central,Copper,21.44,19.74,104.72,968.95,18.91,5,202.48,273.13,56.89,28.82,1,75.56,1,15.42
ASSET-0006,Bridge,Industrial,Composite,13.21,51.29,61.81,482.28,32.31,6,114.24,280.35,78.51,22.1,2,85.68,1,28.18
ASSET-0007,Drainage,South,Asphalt,17.64,86.29,20.0,1693.14,25.78,3,127.34,0.0,68.05,42.14,3,48.67,1,18.93
ASSET-0008,Road,South,Composite,9.92,44.96,122.46,1397.25,20.23,5,127.77,276.86,59.36,28.45,0,31.66,0,25.5
ASSET-0009,Pipeline,South,Steel,20.96,60.22,95.15,1059.25,12.26,3,92.58,99.77,69.1,43.08,4,61.14,0,17.3
ASSET-0010,Pipeline,North,Concrete,20.58,53.51,37.44,1184.09,25.54,8,104.61,210.15,71.38,11.63,3,71.53,1,24.02
ASSET-0011,Pipeline,East,Copper,25.91,36.81,137.08,358.89,30.28,8,40.76,123.37,73.79,24.93,0,59.23,1,19.34
ASSET-0012,Road,Industrial,Asphalt,7.38,64.47,67.42,2129.96,17.95,3,185.08,56.91,76.09,61.14,0,61.32,0,22.6
ASSET-0013,Drainage,North,Copper,20.6,70.64,57.89,407.73,29.7,4,140.04,214.64,59.76,39.65,1,45.14,1,15.61
ASSET-0014,Electrical Pole,Central,PVC,36.66,64.48,59.26,1593.93,16.23,5,212.69,97.93,89.34,43.26,2,92.14,1,7.51
ASSET-0015,Electrical Pole,North,Concrete,15.55,39.93,68.31,710.51,24.31,4,142.14,262.72,72.23,64.07,1,100.0,0,16.46
ASSET-0016,Pipeline,North,Steel,24.26,37.86,62.87,1489.48,22.99,5,157.86,172.72,56.76,4.7,0,73.42,0,19.14
ASSET-0017,Drainage,East,Asphalt,20.14,30.09,100.2,1431.19,17.05,4,124.66,65.7,78.44,46.22,3,76.97,0,18.28
ASSET-0018,Pipeline,South,PVC,4.22,36.24,110.45,1508.27,29.64,11,165.67,293.56,89.17,48.03,1,71.66,1,30.18
ASSET-0019,Electrical Pole,East,Composite,10.27,50.26,80.44,1249.12,45.0,0,174.9,18.73,63.51,56.78,1,38.6,0,19.39
ASSET-0020,Electrical Pole,North,Copper,10.85,68.59,73.09,1329.88,25.41,2,291.52,243.39,35.55,38.73,0,73.34,0,15.23
ASSET-0021,Streetlight,Industrial,Steel,10.07,52.71,110.15,1719.45,14.2,3,82.0,114.67,100.0,43.1,0,74.52,1,30.69
ASSET-0022,Drainage,East,Composite,39.22,75.65,49.42,909.46,36.4,2,155.51,257.46,55.32,33.81,0,39.56,0,2.63
ASSET-0023,Bridge,Industrial,PVC,15.47,30.04,143.97,341.92,21.04,4,235.3,36.41,92.94,35.2,0,66.32,0,24.15
ASSET-0024,Road,South,Concrete,19.99,43.0,97.09,968.81,26.02,5,246.88,56.22,100.0,0.0,1,68.59,0,29.07
ASSET-0025,Drainage,East,Concrete,20.81,42.55,88.76,904.2,19.7,5,148.56,110.71,88.19,41.15,2,69.33,1,20.11
ASSET-0026,Streetlight,Industrial,PVC,9.71,43.8,117.42,1566.22,24.81,4,222.21,120.84,81.85,30.96,1,77.78,1,27.3
ASSET-0027,Drainage,West,Composite,26.25,71.27,134.16,1212.6,31.14,3,145.93,166.99,73.75,46.9,0,95.66,0,12.6
ASSET-0028,Pipeline,South,Steel,7.94,30.72,129.74,1675.0,30.62,5,119.02,90.27,73.36,21.46,2,55.35,0,30.97
ASSET-0029,Streetlight,East,Composite,9.75,48.57,107.39,861.77,17.6,4,139.6,129.31,63.52,39.64,0,32.67,0,23.89
ASSET-0030,Streetlight,West,PVC,10.82,50.73,104.33,2085.21,32.72,3,118.48,79.75,71.67,29.23,1,43.11,1,27.11
ASSET-0031,Bridge,Central,Asphalt,23.19,85.65,91.74,1441.03,31.21,3,137.93,181.26,73.76,19.54,1,66.96,1,20.38
ASSET-0032,Road,North,Steel,32.51,74.19,159.6,739.59,32.85,4,295.18,99.17,56.89,23.01,0,48.54,0,6.98
ASSET-0033,Electrical Pole,West,Copper,10.41,58.01,105.25,2325.7,33.55,2,48.13,229.19,48.24,71.63,3,49.55,1,16.11
ASSET-0034,Drainage,Central,Asphalt,1.0,82.08,91.56,1942.69,10.65,2,120.42,184.7,63.9,47.46,0,55.44,0,28.9
ASSET-0035,Streetlight,North,Composite,19.2,65.29,116.35,525.21,11.19,6,146.59,105.15,99.92,37.31,3,59.22,0,24.15
ASSET-0036,Electrical Pole,Central,PVC,38.61,90.11,87.53,1782.94,30.81,6,42.81,248.61,91.05,0.0,0,21.29,0,18.51
ASSET-0037,Pipeline,North,PVC,15.31,69.35,140.07,1244.46,39.66,1,0.0,174.45,78.91,34.35,0,56.4,1,26.62
ASSET-0038,Drainage,North,Composite,4.96,68.39,106.0,636.07,20.38,1,114.99,275.51,54.26,45.08,0,43.73,0,24.98
ASSET-0039,Pipeline,Central,Steel,16.93,34.3,78.39,481.27,42.68,4,64.02,201.4,69.98,30.58,2,71.64,1,23.35
ASSET-0040,Road,Industrial,PVC,12.69,43.48,86.75,200.0,11.36,6,251.6,155.1,82.38,41.23,6,78.15,1,22.67
ASSET-0041,Streetlight,Central,Steel,16.72,35.89,46.81,1322.08,18.19,1,68.27,71.85,100.0,52.63,1,84.64,1,24.4
ASSET-0042,Bridge,Central,Copper,18.77,37.77,140.69,1523.35,15.66,3,49.95,41.72,88.67,73.19,0,68.13,0,17.18
ASSET-0043,Streetlight,East,Asphalt,11.49,45.26,77.23,681.61,25.44,2,141.64,174.98,67.7,16.85,0,71.6,1,27.94
ASSET-0044,Pipeline,East,Steel,23.01,35.45,97.98,1650.83,9.98,5,66.99,237.06,58.26,0.0,0,58.87,1,23.04
ASSET-0045,Streetlight,North,Concrete,20.6,36.91,114.16,203.09,24.41,1,67.85,184.74,56.51,27.31,3,47.62,0,18.93
ASSET-0046,Road,Central,Steel,26.36,32.41,110.89,2064.94,2.76,2,166.17,159.7,78.68,22.92,1,55.2,1,17.8
ASSET-0047,Drainage,Central,Steel,29.68,60.09,105.13,952.87,20.61,3,151.56,137.9,77.22,76.51,2,52.13,1,4.79
ASSET-0048,Streetlight,West,Steel,30.01,46.84,33.86,595.15,8.16,3,121.47,347.64,77.88,30.62,2,18.2,0,14.46
ASSET-0049,Electrical Pole,Industrial,Steel,20.36,70.42,50.64,1886.25,28.05,3,170.62,407.07,75.27,39.96,0,42.7,0,17.89
ASSET-0050,Drainage,Industrial,Composite,26.3,37.88,97.15,913.41,29.31,4,,129.0,67.14,15.42,0,64.79,1,16.53
ASSET-0051,Streetlight,West,Concrete,25.57,36.56,121.09,2013.38,28.72,7,58.1,55.53,39.98,64.92,2,57.0,1,5.15
ASSET-0052,Road,East,Concrete,20.8,32.49,168.37,1277.53,25.98,5,158.48,202.39,57.77,44.43,4,82.22,1,13.78
ASSET-0053,Bridge,Central,Steel,33.93,44.78,65.31,1124.53,25.5,6,0.0,332.96,69.16,26.46,0,28.21,1,13.41
ASSET-0054,Electrical Pole,Industrial,Concrete,26.23,56.47,56.3,422.95,21.98,7,99.23,29.69,67.58,29.55,0,57.02,1,15.91
ASSET-0055,Road,East,Concrete,15.69,68.92,150.47,1875.94,22.58,1,325.87,185.92,72.25,34.52,1,55.4,0,18.6
ASSET-0056,Pipeline,Industrial,Asphalt,12.26,44.06,94.02,873.95,18.58,4,99.6,330.4,24.28,56.83,3,20.68,1,12.43
ASSET-0057,Bridge,Industrial,Copper,14.57,47.57,52.77,733.31,15.0,7,194.85,307.16,84.99,12.42,0,66.81,0,28.72
ASSET-0058,Bridge,West,Asphalt,5.78,69.26,87.79,975.11,31.4,4,91.12,295.93,52.54,47.32,2,52.43,1,24.12
ASSET-0059,Road,Industrial,Asphalt,21.26,29.98,122.72,1089.06,20.3,6,63.65,39.15,43.98,47.12,0,89.59,1,12.34
ASSET-0060,Drainage,West,Composite,1.0,88.93,101.33,1141.97,20.1,4,116.99,290.33,74.06,38.01,0,56.97,1,32.69
ASSET-0061,Electrical Pole,Industrial,Concrete,21.08,20.8,54.55,1645.96,26.54,3,121.47,214.76,62.28,19.43,1,40.39,1,20.14
ASSET-0062,Electrical Pole,East,Concrete,22.08,20.95,125.87,1483.56,27.3,5,253.24,281.44,38.86,9.41,0,58.47,1,14.59
ASSET-0063,Bridge,Central,Asphalt,23.18,40.49,100.6,746.77,19.5,1,46.14,44.83,54.43,56.07,0,100.0,1,11.43
ASSET-0064,Bridge,East,Asphalt,22.93,58.7,69.25,1620.19,19.82,4,324.81,170.39,92.69,20.94,1,89.87,1,19.95
ASSET-0065,Road,West,Copper,11.73,91.25,116.23,862.52,30.69,5,169.74,22.98,58.91,30.05,1,69.17,1,22.99
ASSET-0066,Electrical Pole,Central,Concrete,19.78,28.29,106.41,1566.35,30.04,6,186.71,225.92,70.74,1.78,2,61.74,0,24.8
ASSET-0067,Bridge,South,Asphalt,20.72,29.47,62.57,1831.89,24.64,5,122.27,182.98,88.89,24.68,1,49.68,1,24.11
ASSET-0068,Bridge,West,Concrete,13.66,48.82,101.66,912.75,36.3,2,105.05,136.03,98.05,38.93,3,31.26,1,28.2
ASSET-0069,Road,West,PVC,20.67,72.79,97.47,1839.29,20.34,6,303.91,143.72,63.98,64.07,3,48.59,0,8.16
ASSET-0070,Drainage,East,Asphalt,13.8,49.36,54.67,648.81,15.96,2,117.23,203.42,99.91,15.03,2,54.15,0,32.97
ASSET-0071,Electrical Pole,Central,Composite,17.51,68.5,61.32,1429.45,26.5,4,143.13,425.53,60.52,24.38,0,48.0,0,20.9
ASSET-0072,Bridge,South,PVC,11.63,78.78,137.62,857.55,17.51,4,75.82,243.29,75.65,4.69,3,90.33,1,33.02
ASSET-0073,Road,Central,Composite,11.87,47.25,103.58,1400.67,30.93,8,105.84,100.17,47.17,20.38,1,90.3,1,23.99
ASSET-0074,Electrical Pole,East,Concrete,12.82,59.48,94.51,1913.04,45.0,2,80.84,284.42,84.27,71.93,2,51.53,1,20.19
ASSET-0075,Drainage,Central,Copper,23.91,77.17,119.61,1504.36,34.6,6,230.57,244.87,68.99,37.93,3,43.3,1,13.48
ASSET-0076,Streetlight,North,Steel,21.69,47.13,95.86,1967.07,26.72,4,11.21,254.63,83.62,78.27,1,61.94,1,13.99
ASSET-0077,Road,Industrial,Steel,20.49,86.55,92.14,1367.41,30.47,4,84.29,199.41,91.33,14.47,1,45.4,1,27.52
ASSET-0078,Streetlight,South,Copper,29.95,24.54,78.23,1426.33,39.09,3,75.58,368.12,45.94,0.0,2,48.96,0,15.79
ASSET-0079,Streetlight,North,Asphalt,7.79,69.17,102.31,861.55,13.48,5,172.02,170.08,100.0,13.6,0,45.55,0,36.39
ASSET-0080,Streetlight,Central,PVC,17.54,59.87,87.76,1411.23,13.74,6,113.43,291.73,78.17,44.14,2,66.06,0,20.7
ASSET-0081,Bridge,Industrial,Composite,24.43,81.58,100.9,1625.4,24.19,6,65.89,360.09,71.28,6.38,1,45.74,1,23.14
ASSET-0082,Pipeline,West,Steel,26.41,41.95,81.61,200.0,20.93,0,0.0,256.04,86.14,43.51,0,57.14,0,18.32
ASSET-0083,Pipeline,West,PVC,17.96,31.83,140.1,1726.42,23.01,4,136.67,0.0,67.55,21.36,0,52.94,0,22.58
ASSET-0084,Road,North,Asphalt,35.98,67.82,77.86,1543.55,37.59,5,124.77,115.31,84.57,42.87,2,69.43,1,8.97
ASSET-0085,Streetlight,North,Concrete,28.5,44.3,134.52,1318.56,43.68,2,258.88,199.79,60.27,25.32,1,65.63,0,10.66
ASSET-0086,Streetlight,East,Steel,23.23,43.53,94.27,2485.36,40.55,4,123.04,192.0,83.04,14.54,1,27.97,0,23.32
ASSET-0087,Road,South,PVC,21.99,67.94,80.5,2144.39,13.97,1,137.96,284.71,100.0,25.82,3,57.31,1,24.68
ASSET-0088,Drainage,Central,Composite,16.27,72.67,114.57,254.16,38.29,6,69.95,219.58,80.89,40.21,0,45.91,1,23.73
ASSET-0089,Electrical Pole,Central,Concrete,17.74,78.45,111.31,977.63,31.95,0,211.9,6.03,65.48,12.61,0,78.89,0,22.61
ASSET-0090,Streetlight,East,Composite,13.32,61.93,93.59,1486.22,25.69,1,199.7,130.62,43.98,26.44,3,73.3,1,19.31
ASSET-0091,Bridge,East,Concrete,14.51,48.01,85.35,2446.05,28.44,4,202.42,203.88,67.34,31.07,1,57.33,0,21.7
ASSET-0092,Electrical Pole,Central,Steel,25.28,56.04,116.98,1151.57,25.71,0,193.31,214.65,89.96,0.0,4,55.49,1,24.63
ASSET-0093,Streetlight,South,Composite,29.08,34.2,113.38,567.95,19.39,7,104.75,201.74,87.66,44.91,1,64.57,1,14.35
ASSET-0094,Electrical Pole,Industrial,PVC,42.03,53.85,101.03,1830.39,34.95,6,171.1,65.7,100.0,12.07,1,44.42,1,12.74
ASSET-0095,Pipeline,North,Concrete,17.36,61.58,104.64,1453.15,39.52,4,100.47,276.41,93.41,10.45,2,70.62,0,30.56
ASSET-0096,Pipeline,North,Concrete,15.02,82.51,90.5,1275.35,23.44,4,32.3,35.99,100.0,18.06,0,19.24,1,33.23
ASSET-0097,Bridge,Industrial,PVC,11.61,28.54,144.26,1805.89,18.81,8,198.54,147.52,27.01,80.82,0,28.38,1,6.6
ASSET-0098,Drainage,Central,Composite,28.23,95.0,136.53,1538.35,30.35,5,180.71,208.12,73.88,33.75,0,52.95,1,13.17
ASSET-0099,Road,North,Concrete,1.07,53.03,65.34,537.85,26.62,6,193.47,22.95,54.19,53.82,0,53.96,0,24.37
ASSET-0100,Electrical Pole,South,Copper,23.5,35.63,98.16,399.58,19.59,4,,224.05,,46.05,1,82.55,1,17.24
ASSET-0101,Pipeline,Central,Copper,19.25,46.41,98.67,1525.98,25.44,4,63.84,113.71,46.75,69.99,0,45.53,1,9.67
ASSET-0102,Bridge,North,PVC,10.82,72.9,86.15,1948.65,18.94,4,53.17,394.51,50.62,41.2,2,65.45,1,22.23
ASSET-0103,Road,East,Steel,16.15,52.4,96.31,1111.8,33.67,8,75.4,43.02,70.41,86.59,0,87.5,0,12.54
ASSET-0104,Electrical Pole,North,PVC,34.78,43.93,112.07,2177.04,21.59,3,73.47,78.52,60.31,10.52,1,44.14,0,12.94
ASSET-0105,Drainage,Central,Composite,20.34,23.88,104.93,1700.12,7.06,4,218.21,59.04,100.0,43.38,0,57.0,1,20.72
ASSET-0106,Bridge,South,Steel,23.58,56.52,111.16,647.6,26.52,1,111.1,89.61,58.76,59.72,3,68.96,0,9.9
ASSET-0107,Road,South,Composite,7.08,48.67,131.39,1285.03,45.0,4,135.36,149.09,74.4,31.95,2,75.22,0,29.34
ASSET-0108,Drainage,Industrial,Composite,10.14,28.38,39.91,1504.79,15.07,0,151.09,429.3,71.89,51.77,1,56.22,0,22.47
ASSET-0109,Pipeline,South,Composite,27.19,49.19,103.02,1393.02,18.99,5,106.0,104.43,81.66,17.03,1,57.84,1,20.14
ASSET-0110,Road,West,Steel,28.86,64.49,94.25,1690.66,37.51,5,120.83,48.82,52.83,28.9,0,54.63,1,11.11
ASSET-0111,Drainage,East,PVC,18.57,65.59,92.89,1491.9,25.58,0,44.85,165.59,50.23,47.0,3,79.94,0,15.75
ASSET-0112,Bridge,South,Concrete,15.87,84.81,99.46,997.75,19.48,3,88.95,197.04,74.89,35.06,2,79.43,1,23.58
ASSET-0113,Drainage,East,PVC,27.5,25.3,20.0,1760.59,12.7,3,26.39,0.0,81.75,50.18,0,11.36,0,14.9
ASSET-0114,Pipeline,East,Composite,12.54,62.84,50.63,1310.02,24.86,5,129.57,82.69,93.54,31.83,1,41.2,1,29.1
ASSET-0115,Electrical Pole,Central,PVC,13.57,37.3,89.81,2227.03,12.65,0,237.69,159.07,59.96,55.8,0,90.87,0,15.38
ASSET-0116,Road,East,Steel,24.78,45.24,159.72,836.57,31.68,4,224.14,336.15,72.58,19.93,2,45.8,0,17.25
ASSET-0117,Pipeline,North,Concrete,38.13,57.73,84.04,1310.81,12.88,2,216.03,114.31,53.16,45.73,3,70.94,1,1.0
ASSET-0118,Pipeline,Industrial,PVC,27.96,39.86,52.35,2100.8,22.1,3,226.26,235.62,80.21,78.3,0,74.7,1,4.68
ASSET-0119,Streetlight,North,Asphalt,18.57,60.37,140.85,1504.7,29.84,6,90.8,96.08,53.19,0.0,4,38.14,0,24.76
ASSET-0120,Bridge,East,Concrete,15.79,49.46,104.22,1689.44,32.74,2,106.63,208.26,67.52,67.15,2,71.23,0,15.54
ASSET-0121,Road,Central,Copper,24.63,78.47,100.43,421.9,28.6,2,77.71,238.64,94.29,35.43,1,88.64,0,21.09
ASSET-0122,Electrical Pole,Industrial,Composite,20.41,95.0,111.97,200.0,31.78,4,223.18,247.32,69.51,10.51,1,42.69,1,21.66
ASSET-0123,Drainage,North,Composite,12.19,66.77,145.1,1436.8,14.24,4,215.73,119.02,69.59,35.29,0,69.67,0,22.62
ASSET-0124,Streetlight,East,Composite,16.79,63.39,68.38,937.53,31.5,3,258.16,140.04,76.04,53.65,0,26.31,0,16.04
ASSET-0125,Electrical Pole,East,Copper,2.74,80.25,78.44,2734.92,19.92,4,243.37,380.61,100.0,59.17,3,68.67,1,29.38
ASSET-0126,Drainage,East,Asphalt,25.78,43.98,70.45,1197.98,23.47,3,175.71,275.53,73.59,64.55,0,54.51,0,8.78
ASSET-0127,Streetlight,South,Steel,10.83,17.67,92.52,1126.95,38.62,5,38.07,365.41,93.98,46.64,1,40.73,1,29.25
ASSET-0128,Drainage,Industrial,Composite,14.28,76.77,151.54,2125.95,20.6,1,131.27,3.16,77.82,32.05,0,29.3,0,24.98
ASSET-0129,Streetlight,Central,PVC,23.14,44.35,59.9,200.0,24.75,7,252.9,134.29,61.16,44.38,0,63.43,1,10.88
ASSET-0130,Road,East,PVC,25.66,79.54,92.0,1077.8,17.1,2,101.88,216.74,88.44,18.94,3,53.12,1,22.13
ASSET-0131,Streetlight,Central,Composite,17.79,40.06,22.27,1730.43,31.63,3,125.36,231.59,43.87,24.42,2,35.42,1,18.05
ASSET-0132,Drainage,West,Composite,20.94,27.87,108.99,1178.62,10.46,6,61.23,98.97,75.61,57.97,0,59.11,1,16.13
ASSET-0133,Drainage,Industrial,Steel,22.29,68.86,100.29,979.78,17.55,4,34.23,0.0,79.86,53.08,0,39.82,0,17.47
ASSET-0134,Pipeline,Central,Composite,24.19,95.0,95.62,763.2,23.35,6,68.32,100.08,63.31,15.93,1,87.24,1,19.91
ASSET-0135,Pipeline,North,Steel,21.23,49.95,86.25,262.09,32.95,3,105.56,499.31,77.38,19.96,0,78.67,0,22.96
ASSET-0136,Bridge,South,Steel,19.13,26.23,122.58,799.11,41.86,6,84.21,308.1,73.22,52.06,2,42.77,1,17.69
ASSET-0137,Bridge,West,Copper,11.56,75.6,84.96,957.81,16.4,4,285.0,73.25,72.44,63.24,1,66.14,0,16.6
ASSET-0138,Road,West,Asphalt,7.38,63.57,89.39,1791.44,35.69,9,166.37,212.58,75.5,27.94,2,52.68,0,29.51
ASSET-0139,Streetlight,South,Composite,19.68,81.35,64.8,1883.93,36.85,3,0.0,119.22,95.35,34.54,0,48.91,0,26.48
ASSET-0140,Drainage,West,Steel,26.41,65.93,87.83,979.91,21.47,2,249.23,147.77,93.91,65.43,2,50.23,1,10.35
ASSET-0141,Electrical Pole,North,Concrete,22.04,54.52,67.89,1394.62,14.39,6,82.83,200.12,77.1,29.82,2,49.45,0,20.83
ASSET-0142,Bridge,South,Composite,26.71,28.08,98.79,2363.36,16.0,2,161.11,197.96,78.31,44.78,2,77.97,1,13.22
ASSET-0143,Road,Central,Steel,22.1,50.17,115.18,2339.93,23.81,2,208.57,167.96,32.89,51.95,0,56.37,0,5.89
ASSET-0144,Road,West,Steel,21.32,58.81,116.28,938.71,29.62,3,179.1,241.54,55.16,56.72,0,72.55,0,10.08
ASSET-0145,Electrical Pole,Central,Copper,21.67,91.76,88.3,990.41,24.83,3,184.0,18.37,53.03,13.64,2,88.79,1,17.97
ASSET-0146,Drainage,Central,Composite,16.96,51.62,97.1,1897.13,16.65,4,198.02,230.11,75.41,55.02,0,70.2,0,16.74
ASSET-0147,Drainage,Central,Asphalt,11.46,18.39,110.34,2024.2,23.76,5,248.98,311.49,100.0,49.84,1,29.16,0,25.03
ASSET-0148,Electrical Pole,West,Asphalt,15.54,38.14,160.13,1094.47,26.11,5,123.49,349.51,60.79,38.89,0,34.24,1,19.82
ASSET-0149,Bridge,Industrial,PVC,11.88,54.26,82.12,784.55,12.34,3,0.0,256.01,73.48,5.85,1,44.46,0,33.74
ASSET-0150,Streetlight,,Composite,21.19,81.81,38.74,1269.02,23.56,5,,104.8,66.26,19.08,3,58.38,1,20.54
ASSET-0151,Drainage,North,Composite,37.01,53.79,73.75,291.77,8.77,0,141.37,230.87,43.54,52.9,0,60.64,1,1.0
ASSET-0152,Pipeline,East,PVC,34.12,72.94,86.94,665.28,5.63,2,103.11,81.28,69.64,36.54,1,46.3,0,9.28
ASSET-0153,Road,South,Steel,19.69,63.84,62.29,2046.56,24.11,4,176.66,203.32,89.16,40.74,0,64.51,1,20.58
ASSET-0154,Electrical Pole,South,Composite,6.56,57.17,94.0,1075.13,23.84,0,76.1,189.28,74.88,14.45,3,42.41,1,34.47
ASSET-0155,Drainage,West,PVC,27.69,63.54,75.61,2265.19,14.26,5,200.05,112.94,97.06,30.0,1,62.69,0,18.09
ASSET-0156,Drainage,North,Steel,16.66,71.22,118.8,200.0,36.74,0,202.6,292.67,52.36,26.78,0,54.13,0,18.35
ASSET-0157,Drainage,Central,Composite,14.92,70.59,134.31,2037.41,19.94,3,0.0,99.41,89.37,67.31,0,47.34,1,22.18
ASSET-0158,Streetlight,West,Asphalt,17.74,60.6,70.71,1454.44,20.74,3,163.7,180.64,64.15,32.81,1,51.34,1,19.29
ASSET-0159,Pipeline,East,Asphalt,15.41,86.97,111.83,1022.71,31.27,3,213.85,216.96,70.07,43.95,0,37.72,0,18.76
ASSET-0160,Drainage,Central,Composite,6.06,57.86,146.98,2538.78,30.74,5,0.0,125.73,57.82,22.58,1,49.5,0,31.65
ASSET-0161,Streetlight,South,Asphalt,1.0,69.96,62.82,1343.55,43.67,2,0.0,151.4,91.82,74.17,0,66.94,1,30.99
ASSET-0162,Drainage,West,Concrete,13.35,52.88,174.33,298.22,27.28,4,206.86,189.8,77.54,27.17,1,51.82,1,25.04
ASSET-0163,Electrical Pole,Industrial,Asphalt,24.22,47.61,106.31,1182.44,35.13,3,0.0,306.19,55.7,21.92,0,82.74,0,18.69
ASSET-0164,Drainage,South,Copper,1.0,95.0,126.68,1333.94,24.51,4,161.69,244.52,82.0,36.79,1,55.28,0,33.47
ASSET-0165,Drainage,Central,Copper,16.05,77.68,112.81,200.0,30.9,4,118.5,141.15,92.23,53.95,0,65.33,0,22.21
ASSET-0166,Road,Industrial,Asphalt,8.28,27.41,76.2,1717.44,33.58,5,178.01,231.62,60.45,43.64,2,71.58,1,22.8
ASSET-0167,Drainage,South,Concrete,29.89,69.17,105.54,1842.09,24.76,2,106.95,105.51,59.85,32.11,0,52.46,1,11.29
ASSET-0168,Pipeline,South,Asphalt,1.0,59.27,95.04,709.75,30.93,5,0.0,103.73,58.16,16.2,2,54.51,1,36.53
ASSET-0169,Drainage,East,Asphalt,15.35,14.92,114.06,456.44,25.54,4,228.85,49.12,20.0,38.68,4,80.3,1,10.54
ASSET-0170,Road,West,Concrete,20.1,45.17,119.21,615.87,29.29,5,204.82,455.97,79.06,24.82,1,26.16,0,21.1
ASSET-0171,Road,East,Steel,11.05,46.81,79.28,1291.41,17.6,6,120.02,179.07,66.1,38.1,2,42.39,0,24.14
ASSET-0172,Electrical Pole,North,Concrete,11.42,48.93,54.62,708.45,20.71,5,141.0,199.36,87.32,32.25,2,56.14,0,28.45
ASSET-0173,Bridge,North,Copper,20.65,43.34,21.84,1119.43,37.8,5,197.23,303.61,73.6,38.95,0,52.31,1,17.06
ASSET-0174,Bridge,West,Composite,24.16,79.08,90.82,929.89,25.0,5,4.49,0.0,62.09,10.59,0,55.34,1,22.06
ASSET-0175,Bridge,West,Composite,13.47,84.05,104.8,1380.28,30.6,1,203.13,172.42,84.07,13.56,0,72.72,1,28.93
ASSET-0176,Pipeline,South,Copper,21.76,36.96,68.91,1875.26,14.3,7,47.95,243.84,66.08,47.06,0,55.07,1,16.29
ASSET-0177,Electrical Pole,Industrial,Concrete,18.41,34.96,117.22,892.07,22.94,2,0.0,160.9,100.0,50.69,1,53.27,0,24.98
ASSET-0178,Bridge,East,Concrete,18.22,65.94,59.58,1868.59,31.44,5,155.08,181.96,84.11,46.84,0,47.68,0,19.92
ASSET-0179,Pipeline,Central,Composite,19.02,85.98,57.83,319.48,26.48,4,133.87,204.4,67.98,64.8,0,43.09,0,13.28
ASSET-0180,Drainage,West,Composite,16.97,22.14,89.72,2196.88,25.19,4,19.19,118.36,65.25,28.65,3,68.04,1,23.75
ASSET-0181,Streetlight,Industrial,Composite,6.89,59.93,109.95,1884.09,39.22,1,55.13,54.24,67.79,44.33,2,56.63,1,27.41
ASSET-0182,Electrical Pole,East,Composite,14.8,58.04,69.95,2453.72,10.53,4,281.89,180.68,68.58,27.85,1,82.71,0,20.78
ASSET-0183,Road,Central,Concrete,1.0,85.67,52.28,1040.01,21.14,5,0.0,226.22,100.0,7.74,1,46.08,1,45.75
ASSET-0184,Drainage,Industrial,PVC,22.26,55.38,75.76,1492.72,41.24,3,177.58,50.67,54.78,44.45,3,64.4,1,11.84
ASSET-0185,Electrical Pole,East,Concrete,14.87,54.99,57.49,1562.71,32.94,3,82.4,206.59,64.14,33.68,4,53.55,0,22.75
ASSET-0186,Drainage,North,Asphalt,14.42,42.05,117.33,1091.27,19.16,6,233.57,119.96,38.4,55.15,0,72.23,0,11.12
ASSET-0187,Electrical Pole,West,Composite,1.0,72.85,58.66,1638.46,25.13,2,87.44,248.63,73.91,46.69,4,29.84,1,31.52
ASSET-0188,Bridge,Industrial,Copper,34.17,57.09,68.04,401.81,23.3,5,109.8,331.12,45.88,34.76,0,64.55,0,5.19
ASSET-0189,Pipeline,Central,Copper,26.87,46.58,20.0,1319.37,28.93,4,218.86,72.89,84.24,58.85,0,63.75,0,10.21
ASSET-0190,Drainage,West,Composite,12.96,53.37,105.43,907.66,18.92,4,33.02,71.42,84.23,12.02,2,66.33,0,33.02
ASSET-0191,Pipeline,South,Concrete,1.0,41.45,130.82,611.3,20.82,4,182.67,154.85,61.24,63.45,4,75.62,1,23.98
ASSET-0192,Drainage,South,Asphalt,18.85,38.83,70.09,1513.51,28.77,6,172.04,29.69,90.94,15.04,0,62.5,0,26.73
ASSET-0193,Electrical Pole,West,PVC,37.96,95.0,113.2,1090.08,29.81,5,94.35,359.52,76.14,44.95,2,65.59,1,6.26
ASSET-0194,Pipeline,South,Asphalt,26.39,42.65,78.25,539.91,28.96,5,156.62,347.45,71.9,48.37,0,51.03,1,11.66
ASSET-0195,Pipeline,East,PVC,24.96,71.98,86.18,1157.04,11.34,3,191.23,237.52,81.01,36.0,1,46.11,0,16.09
ASSET-0196,Electrical Pole,East,Copper,24.99,63.42,109.76,884.38,5.62,6,81.69,93.72,84.48,27.16,3,69.11,1,20.65
ASSET-0197,Bridge,North,Steel,24.84,27.68,131.36,1356.75,21.68,4,0.0,220.87,53.47,7.95,0,78.03,0,20.65
ASSET-0198,Drainage,Central,Steel,11.71,85.67,78.93,200.0,14.95,6,107.53,125.17,74.88,45.04,3,84.07,1,24.12
ASSET-0199,Electrical Pole,Industrial,Asphalt,14.4,28.48,82.6,1356.17,16.33,2,147.5,175.13,72.59,19.83,1,41.36,1,26.07
ASSET-0200,Road,North,,26.9,75.7,39.61,642.29,11.53,2,,35.04,,14.92,1,59.25,1,15.89
ASSET-0201,Electrical Pole,South,PVC,10.78,58.54,78.6,1037.01,40.06,6,16.03,262.97,86.61,12.03,2,85.68,0,35.32
ASSET-0202,Pipeline,West,Copper,6.77,36.65,125.53,1362.9,29.96,4,151.26,47.35,90.85,58.39,1,57.22,0,26.91
ASSET-0203,Drainage,Industrial,Copper,2.69,65.29,112.16,1162.69,35.12,3,165.17,78.03,71.58,31.51,1,51.35,1,31.4
ASSET-0204,Electrical Pole,West,PVC,16.69,71.52,81.9,236.05,40.75,6,16.62,248.97,62.95,40.27,1,53.78,1,21.26
ASSET-0205,Bridge,North,Composite,10.16,41.19,67.51,700.91,24.4,2,174.56,328.72,61.56,39.79,2,66.5,1,22.52
ASSET-0206,Road,Industrial,Copper,18.76,69.85,109.47,457.4,32.82,5,58.94,183.79,84.3,30.81,3,100.0,0,24.7
ASSET-0207,Electrical Pole,South,Steel,10.14,27.38,104.11,1632.94,22.92,6,12.91,249.29,61.09,69.39,4,44.2,1,19.76
ASSET-0208,Drainage,East,Composite,12.5,72.19,83.39,1172.75,25.23,0,118.89,111.03,63.12,63.87,0,72.64,0,17.46
ASSET-0209,Streetlight,Central,PVC,15.21,49.4,118.71,1404.03,30.14,5,93.5,118.78,52.47,18.49,5,80.4,0,23.23
ASSET-0210,Bridge,East,Steel,4.49,28.55,109.46,1528.36,29.94,3,109.96,212.79,73.55,0.0,1,42.67,1,37.9
ASSET-0211,Pipeline,North,Composite,19.75,95.0,106.02,1011.88,33.3,4,153.61,240.69,100.0,12.38,2,41.33,1,28.63
ASSET-0212,Pipeline,North,Concrete,23.56,36.63,82.48,1022.95,33.78,5,20.34,185.49,59.23,9.83,1,52.45,1,21.8
ASSET-0213,Electrical Pole,South,Composite,42.27,63.66,53.67,861.14,34.19,8,0.0,0.0,100.0,42.79,0,67.62,0,9.85
ASSET-0214,Drainage,North,Concrete,1.0,55.07,104.83,1754.56,15.87,4,45.97,205.54,55.88,26.84,0,69.72,0,33.07
ASSET-0215,Drainage,West,Asphalt,26.58,50.31,96.15,330.85,22.3,3,329.66,68.8,98.36,54.94,1,89.66,1,11.52
ASSET-0216,Road,East,Asphalt,21.72,62.78,93.41,1934.14,34.87,2,14.46,159.7,57.6,33.73,3,49.77,1,18.13
ASSET-0217,Road,West,Asphalt,17.57,56.16,120.45,200.0,19.54,4,216.01,130.81,38.22,47.39,0,36.59,1,10.78
ASSET-0218,Electrical Pole,Industrial,Concrete,11.76,51.31,76.86,200.0,33.07,6,172.12,66.23,68.37,34.87,2,70.03,1,23.66
ASSET-0219,Streetlight,East,Concrete,10.66,56.64,108.72,2073.49,31.34,5,126.71,321.05,79.38,17.78,3,70.56,0,30.74
ASSET-0220,Road,Central,Asphalt,13.57,45.41,103.9,1477.91,26.78,4,256.0,287.15,75.43,53.83,0,65.16,0,18.19
ASSET-0221,Streetlight,South,Copper,36.09,50.64,69.57,808.75,15.19,2,90.36,39.44,72.28,53.05,0,85.35,1,5.33
ASSET-0222,Drainage,East,Copper,23.11,75.61,75.26,1712.72,15.17,5,133.75,235.33,50.84,17.1,2,40.93,0,16.88
ASSET-0223,Pipeline,Central,Copper,22.63,27.66,120.45,460.49,29.97,5,64.26,238.2,76.69,24.22,0,22.67,1,21.83
ASSET-0224,Electrical Pole,North,Steel,21.5,23.7,97.86,1041.93,31.11,3,93.64,253.19,78.03,41.32,2,30.36,0,18.86
ASSET-0225,Pipeline,Industrial,Concrete,25.57,67.25,64.5,1053.55,24.65,3,146.71,323.14,91.47,8.76,2,81.92,1,23.88
ASSET-0226,Bridge,Central,Concrete,21.87,76.82,155.37,1814.23,27.24,6,131.59,182.39,65.67,66.27,0,85.58,1,10.63
ASSET-0227,Drainage,West,Composite,23.0,27.01,106.03,200.0,30.63,5,72.61,192.35,100.0,24.89,0,84.67,0,25.47
ASSET-0228,Pipeline,North,Steel,37.63,55.07,125.34,2004.89,18.32,3,218.47,348.5,82.13,17.4,4,48.44,1,10.59
ASSET-0229,Pipeline,Industrial,Asphalt,14.65,61.85,141.62,1712.39,28.73,4,123.48,235.81,26.47,29.07,1,37.28,1,16.23
ASSET-0230,Bridge,East,Composite,21.86,50.91,147.66,2143.81,20.81,3,114.08,134.83,75.51,19.83,0,69.21,0,22.04
ASSET-0231,Bridge,West,Concrete,24.3,38.91,121.86,821.05,27.28,5,117.31,225.47,62.7,31.07,1,44.56,1,15.72
ASSET-0232,Electrical Pole,South,PVC,16.23,24.03,80.27,1029.07,22.69,3,115.06,227.94,87.74,22.0,0,39.24,0,27.73
ASSET-0233,Road,North,Steel,13.13,47.96,71.9,422.33,20.89,4,167.6,124.26,64.57,16.47,1,42.73,0,25.79
ASSET-0234,Streetlight,Industrial,Copper,23.73,19.28,84.21,1380.66,26.65,9,147.98,79.59,70.28,0.0,1,43.0,0,23.08
ASSET-0235,Drainage,North,Asphalt,27.15,44.01,91.5,818.67,40.65,3,266.6,261.42,80.68,42.37,2,23.3,0,11.71
ASSET-0236,Electrical Pole,West,PVC,15.21,71.9,93.53,356.89,24.53,7,219.75,173.8,89.13,27.67,0,41.36,0,25.47
ASSET-0237,Drainage,West,Concrete,33.63,49.52,87.7,1020.1,42.14,7,297.5,164.1,77.32,4.67,3,36.98,1,13.49
ASSET-0238,Drainage,Industrial,PVC,20.17,33.05,77.33,697.64,19.53,2,76.14,263.33,52.11,39.41,3,48.76,1,15.86
ASSET-0239,Road,North,Steel,10.82,50.39,130.39,1316.46,20.22,4,31.82,248.14,79.35,28.84,0,42.04,0,30.3
ASSET-0240,Streetlight,Central,Concrete,23.35,79.58,75.88,1475.03,6.22,2,117.52,89.03,55.14,21.64,1,54.63,0,16.9
ASSET-0241,Electrical Pole,East,Copper,1.0,12.59,76.79,1474.61,0.27,3,77.9,318.83,65.07,42.66,1,19.65,1,30.92
ASSET-0242,Bridge,West,Copper,25.68,59.31,110.25,3500.0,6.24,7,97.0,208.73,71.18,26.52,0,63.93,0,17.59
ASSET-0243,Pipeline,South,Copper,2.83,70.01,82.51,521.96,20.95,6,77.17,215.85,58.84,50.16,2,91.27,1,27.03
ASSET-0244,Drainage,North,Asphalt,16.24,68.37,97.94,1977.52,18.53,5,104.42,173.58,73.65,40.04,1,61.86,1,21.79
ASSET-0245,Pipeline,East,Composite,33.78,74.71,121.07,926.68,17.0,5,190.08,327.27,61.13,30.41,0,50.94,1,7.47
ASSET-0246,Bridge,East,Asphalt,27.97,45.67,114.21,1085.7,27.92,1,126.82,0.0,68.64,2.39,3,71.99,0,19.76
ASSET-0247,Pipeline,Industrial,Asphalt,22.67,85.42,66.53,2248.42,33.39,3,210.85,69.37,57.16,22.83,0,38.98,0,15.64
ASSET-0248,Streetlight,North,Asphalt,30.23,49.82,105.58,857.79,8.61,4,0.0,173.14,47.37,74.75,2,59.9,1,2.42
ASSET-0249,Pipeline,East,Concrete,30.64,38.07,111.3,1319.89,27.38,6,178.6,208.87,42.21,15.8,1,59.68,0,9.42
ASSET-0250,Drainage,Central,Concrete,26.7,95.0,140.49,1561.27,25.65,3,,187.75,76.64,10.16,2,55.21,0,36.2
ASSET-0251,Streetlight,West,Asphalt,1.0,37.79,82.59,2332.61,30.01,1,158.88,25.27,91.49,25.58,1,81.86,1,37.47
ASSET-0252,Streetlight,East,Copper,5.13,27.06,77.49,1823.03,11.33,0,83.91,235.17,93.6,25.74,0,78.77,0,36.43
ASSET-0253,Electrical Pole,West,Concrete,1.0,47.23,100.71,1469.53,20.41,4,0.0,114.18,80.16,15.35,1,66.04,1,40.66
ASSET-0254,Streetlight,South,PVC,14.57,58.41,66.12,1076.03,30.49,4,73.08,202.42,84.86,0.0,3,51.95,1,33.61
ASSET-0255,Electrical Pole,West,Concrete,22.25,78.94,53.85,774.34,22.4,2,258.79,94.32,62.0,39.09,0,50.88,1,12.59
ASSET-0256,Electrical Pole,Central,Steel,21.17,48.34,92.2,882.4,11.37,4,260.39,181.84,76.05,48.85,0,88.65,0,13.89
ASSET-0257,Pipeline,Central,Concrete,20.02,87.64,73.01,2290.84,31.98,5,138.72,155.15,93.61,37.81,0,37.89,0,22.5
ASSET-0258,Road,South,Concrete,16.14,61.2,93.3,1931.38,7.44,4,0.0,255.97,70.3,43.39,0,81.03,0,22.68
ASSET-0259,Road,Industrial,Steel,28.42,66.67,91.11,1547.91,18.64,5,251.96,287.06,58.87,42.23,0,68.3,1,7.22
ASSET-0260,Electrical Pole,East,Copper,22.51,17.6,60.15,1030.12,22.29,1,151.12,205.15,68.5,19.88,3,87.8,0,19.57
ASSET-0261,Drainage,West,Asphalt,13.16,42.76,109.74,985.18,23.75,5,0.0,311.83,73.31,26.77,1,57.32,1,28.63
ASSET-0262,Streetlight,South,Asphalt,1.0,84.9,96.24,1465.8,33.56,1,157.88,153.24,87.24,0.0,1,47.15,1,41.85
ASSET-0263,Streetlight,Central,Composite,22.32,64.4,73.77,772.7,24.0,2,187.36,143.08,20.0,27.5,0,28.64,0,8.73
ASSET-0264,Road,East,Asphalt,5.63,57.19,134.86,1387.91,19.54,4,83.27,110.54,51.22,0.0,0,60.84,1,33.61
ASSET-0265,Streetlight,East,Concrete,17.03,46.68,66.63,1564.95,13.15,5,39.82,104.76,45.6,24.97,2,67.28,1,20.5
ASSET-0266,Pipeline,Central,Copper,27.78,65.44,61.89,1001.53,17.98,6,24.26,269.37,88.07,71.59,0,70.82,0,11.6
ASSET-0267,Drainage,South,Asphalt,40.82,42.65,48.95,200.0,31.41,0,90.21,223.73,75.33,43.51,1,81.02,0,4.48
ASSET-0268,Pipeline,East,Copper,8.48,41.46,71.82,1698.12,33.1,4,214.68,62.2,100.0,65.46,2,90.07,0,24.68
ASSET-0269,Drainage,West,PVC,1.43,44.51,72.94,1632.89,15.55,5,229.64,249.52,77.11,15.24,0,80.49,0,35.24
ASSET-0270,Electrical Pole,South,Copper,25.79,54.22,82.46,200.0,15.36,7,17.56,198.95,90.13,9.9,1,74.88,1,25.84
ASSET-0271,Drainage,North,PVC,18.12,95.0,44.94,1835.24,23.44,5,155.3,106.68,76.12,0.0,2,63.37,0,27.91
ASSET-0272,Electrical Pole,West,Asphalt,24.39,76.16,106.03,1288.85,17.07,2,214.94,323.63,67.71,35.92,0,79.11,0,13.63
ASSET-0273,Electrical Pole,South,Asphalt,24.65,93.82,68.65,973.2,27.08,5,102.75,92.7,87.87,49.42,0,82.4,0,16.62
ASSET-0274,Bridge,Central,Copper,29.7,57.69,97.39,1532.43,17.24,4,0.0,267.65,43.89,65.07,1,54.19,1,4.1
ASSET-0275,Road,West,Concrete,11.72,49.24,137.56,200.0,36.49,4,23.44,72.47,100.0,16.09,0,78.47,0,36.11
ASSET-0276,Drainage,North,Composite,21.39,36.24,101.5,584.55,34.91,6,162.56,216.17,100.0,34.99,0,66.09,1,22.78
ASSET-0277,Electrical Pole,South,Concrete,38.86,34.7,84.16,1449.87,24.51,2,209.75,412.0,75.53,16.92,0,62.64,0,8.81
ASSET-0278,Pipeline,East,Copper,29.04,64.5,94.93,846.44,15.17,5,193.1,25.43,100.0,46.48,3,33.84,1,14.51
ASSET-0279,Electrical Pole,North,PVC,4.34,52.02,110.08,2277.82,31.35,3,37.89,303.0,54.64,67.57,1,86.63,0,22.53
ASSET-0280,Streetlight,West,PVC,24.79,52.26,79.42,995.46,28.85,4,72.5,163.44,73.41,0.0,2,40.37,0,24.41
ASSET-0281,Drainage,Central,Concrete,6.47,21.25,41.18,386.73,18.62,7,77.93,197.78,79.21,37.62,1,36.48,0,30.65
ASSET-0282,Bridge,Industrial,Composite,32.51,91.14,44.52,585.58,22.48,2,160.48,107.17,100.0,58.81,1,76.49,0,10.27
ASSET-0283,Bridge,Industrial,Concrete,29.06,43.72,70.51,1246.89,32.75,4,0.0,99.72,70.67,33.49,4,33.05,1,15.68
ASSET-0284,Road,Industrial,Composite,23.06,84.78,163.14,957.36,29.42,5,135.64,170.12,79.85,0.0,2,60.27,0,25.52
ASSET-0285,Drainage,South,Composite,15.78,95.0,74.75,958.15,42.92,2,75.99,165.3,87.13,39.16,0,48.42,1,25.29
ASSET-0286,Road,North,PVC,11.93,53.46,107.78,1450.92,9.02,6,140.21,318.45,80.0,57.03,2,82.23,0,21.84
ASSET-0287,Pipeline,East,PVC,23.22,53.04,163.17,1733.42,30.16,1,16.94,209.27,74.62,22.72,1,86.6,1,22.29
ASSET-0288,Bridge,Central,Asphalt,24.95,32.18,91.65,717.02,21.51,3,81.79,54.49,69.7,23.79,0,94.95,0,18.69
ASSET-0289,Bridge,South,Steel,28.89,47.47,95.56,497.01,40.26,7,132.54,282.35,75.16,8.27,0,60.37,1,19.0
ASSET-0290,Drainage,Central,Composite,13.45,50.63,92.26,1151.47,25.47,1,62.64,51.54,89.6,0.0,3,82.95,1,35.46
ASSET-0291,Streetlight,South,Steel,14.98,10.0,84.16,1161.49,15.9,2,242.42,246.49,55.36,3.05,1,54.16,0,24.02
ASSET-0292,Pipeline,West,PVC,22.96,44.29,110.34,2361.09,32.34,3,105.35,144.33,93.25,22.45,1,58.92,0,24.12
ASSET-0293,Drainage,East,Composite,12.98,27.55,104.69,1163.4,29.5,2,217.67,92.32,100.0,0.05,2,66.56,0,34.55
ASSET-0294,Road,West,PVC,10.04,63.49,133.39,200.0,29.52,0,42.75,342.92,61.53,11.52,1,95.22,0,30.89
ASSET-0295,Pipeline,Industrial,Asphalt,1.0,33.97,139.92,2314.62,24.07,1,287.67,339.44,84.22,18.75,1,55.11,0,34.96
ASSET-0296,Drainage,East,Steel,21.31,84.02,121.38,553.57,37.39,4,174.97,326.65,51.99,34.28,0,29.78,0,14.09
ASSET-0297,Drainage,North,Steel,21.47,95.0,39.8,1180.63,30.76,4,110.95,50.08,76.19,19.86,0,79.5,1,22.49
ASSET-0298,Pipeline,Central,PVC,27.58,56.03,101.87,1844.59,27.02,5,96.2,311.2,77.77,38.88,0,63.17,0,14.99
ASSET-0299,Pipeline,North,Composite,9.68,42.23,70.54,560.26,44.12,6,273.63,57.71,73.28,9.13,0,41.47,1,29.12
ASSET-0300,Road,,Composite,30.4,47.08,127.05,1562.47,45.0,1,,294.64,,55.14,0,53.91,0,3.08
ASSET-0301,Road,Central,Composite,9.76,40.62,156.49,1200.41,32.04,2,57.61,288.2,47.71,26.7,1,60.0,0,25.26
ASSET-0302,Pipeline,South,Copper,16.21,62.92,115.79,1640.78,16.13,3,215.58,269.46,47.29,42.03,0,58.84,0,14.45
ASSET-0303,Bridge,Industrial,Steel,36.98,36.04,69.97,1658.42,11.11,2,167.72,116.57,67.75,49.88,2,62.8,1,2.98
ASSET-0304,Electrical Pole,Industrial,Composite,14.61,62.4,91.29,1474.68,20.53,3,40.8,176.5,57.4,12.72,1,61.83,0,26.75
ASSET-0305,Bridge,Industrial,Concrete,25.83,46.38,107.24,1530.48,29.0,2,131.95,216.41,72.13,0.0,1,97.83,0,22.26
ASSET-0306,Electrical Pole,North,PVC,14.4,40.44,106.2,1387.43,35.73,1,178.51,239.04,69.44,41.77,3,73.7,0,20.49
ASSET-0307,Road,Central,PVC,6.57,71.4,93.06,1243.72,25.66,3,215.34,171.63,51.85,27.13,1,80.13,0,25.0
ASSET-0308,Road,East,PVC,24.03,37.99,169.56,1358.87,36.48,3,162.67,263.95,93.93,56.15,2,52.33,0,15.6
ASSET-0309,Bridge,South,Steel,12.28,61.65,122.99,1066.37,34.59,6,46.69,96.31,69.47,41.15,0,82.34,0,24.74
ASSET-0310,Pipeline,Central,Copper,22.24,55.79,51.92,410.51,27.53,0,201.01,164.18,100.0,81.16,1,56.09,0,12.18
ASSET-0311,Bridge,East,Asphalt,27.96,89.06,45.86,200.0,19.4,5,159.75,286.98,50.41,0.0,2,43.09,0,16.31
ASSET-0312,Pipeline,Industrial,PVC,1.0,57.9,118.8,1126.77,20.88,3,90.35,45.2,59.14,45.43,1,61.03,0,29.05
ASSET-0313,Drainage,North,Steel,8.05,51.37,29.69,1307.09,37.86,1,73.13,212.91,94.55,26.04,0,22.56,0,34.71
ASSET-0314,Bridge,Industrial,Composite,19.03,95.0,103.32,1186.63,27.9,3,54.96,262.33,76.06,35.35,0,81.46,1,22.2
ASSET-0315,Drainage,Central,PVC,24.65,43.94,125.05,901.46,17.96,2,0.0,227.15,39.04,10.43,0,56.45,1,17.69
ASSET-0316,Drainage,North,PVC,16.5,48.47,63.72,496.66,29.18,2,145.31,91.48,75.26,61.07,2,50.58,1,16.88
ASSET-0317,Drainage,East,Composite,20.57,50.19,95.24,1004.63,23.52,4,40.53,78.41,47.01,2.99,0,60.87,0,22.65
ASSET-0318,Pipeline,Central,Asphalt,9.07,65.27,96.04,200.0,30.89,5,40.49,222.02,56.58,36.95,0,25.72,0,25.64
ASSET-0319,Pipeline,North,Composite,14.17,52.53,83.07,489.58,21.4,4,116.41,198.25,59.94,58.43,0,66.78,1,16.86
ASSET-0320,Road,Central,Copper,29.82,64.62,88.92,883.02,34.32,1,42.39,140.24,94.28,42.6,0,52.41,1,16.73
ASSET-0321,Streetlight,South,Composite,11.86,40.8,124.37,376.95,39.48,5,207.27,133.71,69.3,6.34,0,66.89,1,28.76
ASSET-0322,Drainage,Industrial,PVC,30.96,32.86,84.03,1109.22,12.44,5,62.08,160.46,63.86,19.21,1,54.12,0,14.74
ASSET-0323,Road,South,Concrete,14.28,40.43,104.59,2192.17,26.26,5,8.78,195.78,52.25,5.46,0,79.45,0,28.14
ASSET-0324,Pipeline,West,Concrete,27.5,59.86,49.02,1082.23,27.72,4,0.0,90.97,70.85,45.73,0,55.08,1,14.36
ASSET-0325,Streetlight,South,Asphalt,19.43,71.99,115.79,1549.54,17.8,0,88.56,280.16,97.08,49.21,2,64.83,1,22.26
ASSET-0326,Electrical Pole,Industrial,Composite,12.44,52.4,145.07,634.47,39.53,3,226.03,39.32,82.55,20.26,0,61.93,0,27.58
ASSET-0327,Drainage,Central,Composite,28.09,38.1,50.03,1144.89,24.21,5,195.97,174.06,100.0,39.48,0,28.99,0,16.52
ASSET-0328,Drainage,Industrial,Concrete,15.37,48.27,123.81,1477.49,14.39,4,173.72,332.8,87.98,50.22,1,64.99,0,21.56
ASSET-0329,Streetlight,West,PVC,30.5,28.34,84.52,736.46,28.41,6,72.24,0.0,64.58,53.27,2,65.71,1,8.18
ASSET-0330,Pipeline,South,Asphalt,15.2,29.42,110.46,699.43,44.66,5,73.55,118.86,70.33,30.21,3,61.36,1,24.51
ASSET-0331,Bridge,East,Concrete,10.68,92.81,96.48,1661.3,19.53,4,144.89,0.0,100.0,60.81,0,38.16,0,25.46
ASSET-0332,Pipeline,Central,Composite,21.48,56.73,105.67,1314.95,29.56,6,165.45,75.03,96.53,67.81,6,37.78,1,15.47
ASSET-0333,Drainage,East,Steel,20.43,13.36,111.59,871.08,42.31,2,0.0,132.87,36.44,50.02,0,58.51,0,12.25
ASSET-0334,Drainage,North,Composite,1.0,48.59,144.3,1416.39,17.23,3,121.44,227.26,47.4,46.85,0,46.66,1,26.03
ASSET-0335,Electrical Pole,Central,Concrete,13.12,67.67,95.68,356.66,16.14,4,113.67,122.09,63.34,48.92,0,56.41,1,20.16
ASSET-0336,Pipeline,South,Steel,39.7,26.53,39.44,1670.15,18.89,3,57.51,154.02,100.0,51.04,2,32.51,0,8.85
ASSET-0337,Bridge,North,Copper,6.49,10.0,70.72,1774.02,29.65,3,118.22,111.11,75.69,50.32,0,63.39,1,26.65
ASSET-0338,Bridge,South,PVC,27.32,46.7,116.02,2888.79,24.06,4,60.96,198.13,80.28,38.9,0,61.71,0,16.33
ASSET-0339,Streetlight,North,PVC,32.62,63.97,123.86,1057.79,31.75,4,43.93,211.85,54.15,22.34,1,63.35,0,11.57
ASSET-0340,Bridge,South,Copper,6.11,76.08,112.16,777.16,11.16,3,84.32,191.31,65.46,0.0,0,52.5,1,35.82
ASSET-0341,Bridge,North,Composite,24.34,41.04,145.36,200.0,36.8,3,188.77,187.98,92.51,27.25,0,83.57,0,20.39
ASSET-0342,Bridge,North,PVC,16.87,59.43,132.04,580.83,30.36,2,109.43,187.23,45.0,19.42,3,73.95,0,20.22
ASSET-0343,Bridge,Central,PVC,17.37,59.86,86.17,2013.95,23.2,4,211.68,102.26,100.0,4.39,3,51.29,1,30.73
ASSET-0344,Pipeline,North,Steel,15.57,17.2,81.36,576.12,19.53,3,196.62,200.76,77.54,13.09,0,90.38,0,26.51
ASSET-0345,Streetlight,North,Composite,10.65,88.12,87.71,1201.37,34.63,6,111.13,141.18,70.99,41.76,2,58.08,1,24.75
ASSET-0346,Drainage,East,Copper,24.19,87.77,106.44,1386.99,11.33,0,151.07,170.52,62.73,39.87,1,78.3,0,13.36
ASSET-0347,Drainage,Central,Steel,18.86,40.06,124.7,1069.72,29.74,3,68.01,188.42,72.23,44.6,1,24.95,0,19.52
ASSET-0348,Road,Industrial,Composite,13.67,70.88,86.08,1052.17,33.88,2,0.0,163.94,63.28,15.68,1,66.85,1,28.69
ASSET-0349,Drainage,Industrial,Concrete,17.91,61.14,149.4,994.27,27.51,2,52.29,121.51,63.38,42.19,5,45.11,1,19.39
ASSET-0350,Drainage,West,Asphalt,13.83,53.74,106.87,1358.13,36.56,0,,130.41,91.75,3.69,0,68.28,0,36.1
ASSET-0351,Drainage,Industrial,Asphalt,20.44,33.2,65.43,618.15,25.99,2,159.53,0.0,56.58,12.48,1,48.32,1,20.19
ASSET-0352,Road,East,Copper,25.98,17.81,96.36,1535.0,41.71,3,145.96,0.0,28.94,51.9,1,79.21,1,3.72
ASSET-0353,Bridge,East,Copper,4.27,65.4,151.06,1451.82,27.49,4,0.0,315.56,61.0,45.09,0,36.77,0,28.97
ASSET-0354,Streetlight,Industrial,PVC,32.35,48.05,138.6,1153.06,8.42,5,72.81,249.87,72.45,4.14,1,97.53,1,18.11
ASSET-0355,Streetlight,Central,PVC,22.93,53.85,127.26,1326.4,26.89,1,138.71,283.54,56.95,63.49,1,42.02,1,8.73
ASSET-0356,Streetlight,West,Concrete,27.98,49.26,117.79,1024.94,24.46,4,143.27,0.0,51.82,53.59,1,48.57,0,6.16
ASSET-0357,Road,Industrial,Composite,4.41,33.41,34.35,1139.23,19.61,2,114.55,216.4,100.0,4.76,3,75.52,0,41.67
ASSET-0358,Streetlight,Industrial,Steel,10.21,59.06,81.27,1311.41,38.58,5,160.69,136.97,45.29,30.83,3,30.51,1,21.63
ASSET-0359,Bridge,West,PVC,7.45,57.53,65.46,724.49,21.19,1,42.07,250.34,48.47,3.04,0,71.18,0,32.06
ASSET-0360,Drainage,West,Composite,16.03,45.71,96.33,200.0,29.45,4,87.26,280.59,51.71,57.56,1,51.94,1,14.83
ASSET-0361,Drainage,East,Composite,17.8,52.85,131.61,553.99,18.14,6,72.36,270.05,100.0,26.96,2,37.23,1,28.7
ASSET-0362,Bridge,Industrial,Asphalt,25.55,58.99,109.19,812.66,10.05,5,0.0,148.26,88.94,38.84,4,76.45,1,20.36
ASSET-0363,Road,North,Asphalt,11.46,55.55,93.58,250.69,16.54,2,0.0,184.75,67.52,1.54,2,70.89,1,33.82
ASSET-0364,Electrical Pole,East,Steel,20.27,48.52,112.74,1608.13,27.77,2,142.13,299.55,61.26,76.96,0,58.58,0,8.6
ASSET-0365,Streetlight,Central,Copper,11.28,59.47,42.73,872.37,15.17,4,199.56,244.6,29.31,75.84,1,44.02,1,8.22
ASSET-0366,Road,West,PVC,19.57,58.52,74.99,1318.75,19.53,3,65.1,36.73,74.63,46.71,2,72.76,0,19.09
ASSET-0367,Drainage,Industrial,Concrete,21.24,44.35,120.19,385.49,16.89,2,206.4,274.28,80.77,56.44,0,64.27,0,14.25
ASSET-0368,Streetlight,East,PVC,16.75,71.94,91.54,969.03,29.87,5,66.53,173.89,52.95,0.0,1,68.96,1,26.48
ASSET-0369,Streetlight,South,Steel,20.62,16.01,84.47,200.0,37.33,1,220.43,274.59,55.79,12.34,2,42.8,0,18.73
ASSET-0370,Bridge,North,PVC,19.02,45.34,41.57,200.0,27.04,2,75.75,249.59,93.12,29.55,0,67.0,0,26.02
ASSET-0371,Pipeline,North,PVC,4.43,59.46,111.56,1608.14,7.57,2,49.74,189.99,80.65,64.93,0,49.04,0,27.44
ASSET-0372,Drainage,Central,Copper,29.5,60.93,133.03,1373.24,14.59,1,0.0,246.21,93.39,71.99,2,78.93,0,11.76
ASSET-0373,Electrical Pole,Central,Concrete,12.2,31.87,120.5,1450.61,25.97,4,145.85,308.38,95.31,45.88,2,67.25,0,26.52
ASSET-0374,Electrical Pole,Industrial,PVC,13.39,70.13,53.17,1832.33,14.25,4,52.39,235.34,71.39,3.1,2,47.6,1,31.81
ASSET-0375,Pipeline,Industrial,PVC,26.81,55.03,106.86,625.46,19.7,3,188.54,347.74,57.51,56.54,0,36.5,0,6.51
ASSET-0376,Pipeline,North,Steel,8.41,27.95,47.49,1447.8,23.07,4,175.24,206.56,83.84,33.61,0,77.04,0,28.98
ASSET-0377,Streetlight,Industrial,Asphalt,12.11,36.29,89.66,652.31,21.24,4,147.87,90.22,63.22,56.49,2,95.35,1,18.65
ASSET-0378,Electrical Pole,Industrial,Concrete,29.8,77.89,53.36,1658.32,24.52,2,133.44,274.52,81.01,17.43,2,46.52,1,17.57
ASSET-0379,Streetlight,South,Asphalt,20.17,48.93,88.43,1659.75,15.64,7,0.0,120.23,78.66,46.69,1,56.97,1,20.7
ASSET-0380,Pipeline,South,PVC,22.11,50.38,136.8,1703.61,32.86,2,113.65,149.95,53.9,42.2,0,69.8,1,13.51
ASSET-0381,Pipeline,Central,Copper,7.3,89.38,68.11,1331.58,32.13,2,188.2,57.08,98.14,35.28,0,52.61,1,31.74
ASSET-0382,Road,South,Steel,26.09,43.31,72.52,1067.08,14.41,7,74.69,263.16,75.77,15.31,1,72.11,0,20.82
ASSET-0383,Road,Industrial,Concrete,16.12,78.86,125.65,1751.35,20.86,1,70.91,199.62,81.82,0.0,1,60.85,1,32.03
ASSET-0384,Electrical Pole,West,Asphalt,15.22,80.83,107.65,1986.12,23.06,5,250.81,311.17,52.34,29.93,0,66.81,0,17.76
ASSET-0385,Drainage,East,Steel,24.86,38.22,97.04,200.0,37.98,2,124.47,149.04,92.63,0.0,1,56.1,0,26.78
ASSET-0386,Road,East,Asphalt,13.46,89.52,68.38,1663.08,28.21,6,66.62,106.7,91.73,43.51,0,48.29,1,27.05
ASSET-0387,Electrical Pole,Industrial,Copper,21.86,71.76,74.62,200.0,29.71,1,0.0,0.0,86.65,37.57,1,83.0,1,22.78
ASSET-0388,Electrical Pole,East,Concrete,24.37,87.33,53.22,1179.27,10.45,3,100.11,242.66,72.82,47.47,2,96.79,1,14.55
ASSET-0389,Streetlight,North,Concrete,14.85,36.18,102.38,718.63,38.34,3,74.75,132.87,84.93,31.85,0,87.98,1,27.03
ASSET-0390,Bridge,South,PVC,9.44,55.71,114.57,221.2,29.32,1,185.82,83.73,84.47,57.12,2,62.52,1,23.46
ASSET-0391,Road,North,Asphalt,15.69,43.47,139.13,780.3,15.67,5,56.31,84.99,46.02,25.34,1,62.38,0,21.11
ASSET-0392,Bridge,South,Asphalt,27.51,65.54,89.27,1081.08,29.59,6,130.11,133.09,54.13,6.1,2,68.4,1,16.66
ASSET-0393,Bridge,Central,Copper,23.77,52.43,137.21,909.53,33.6,3,71.33,239.25,79.37,42.14,1,57.32,0,17.79
ASSET-0394,Pipeline,North,Asphalt,41.88,78.69,116.68,1267.08,34.06,5,122.1,149.64,70.54,0.0,1,49.21,0,10.94
ASSET-0395,Road,West,Concrete,33.93,55.39,59.33,1170.07,15.58,4,143.28,275.78,57.76,35.68,0,70.63,1,6.64
ASSET-0396,Road,East,Copper,23.19,64.92,95.05,1448.86,39.44,3,131.09,71.39,56.37,36.96,3,53.39,1,13.9
ASSET-0397,Drainage,Industrial,Composite,15.64,46.86,78.96,1376.98,11.52,6,66.77,252.19,49.14,48.38,2,64.92,1,16.89
ASSET-0398,Road,West,Concrete,8.06,59.99,59.51,1048.34,34.26,5,121.21,82.52,83.62,35.39,0,72.09,0,29.91
ASSET-0399,Bridge,Central,Asphalt,17.76,79.05,62.14,200.0,27.51,4,0.0,82.15,100.0,28.89,2,46.29,0,29.79
ASSET-0400,Pipeline,North,,1.0,51.59,87.03,960.07,23.97,4,,53.6,,0.0,0,71.31,0,41.68
ASSET-0401,Bridge,West,Copper,23.07,53.85,53.14,775.25,22.64,0,60.88,245.23,97.69,26.61,2,23.55,1,24.9
ASSET-0402,Road,West,PVC,24.59,38.92,104.22,1051.35,36.88,2,170.21,152.05,69.15,31.32,0,57.75,0,15.57
ASSET-0403,Bridge,East,Steel,17.37,59.82,97.54,1678.8,33.31,1,189.5,61.37,82.58,47.39,0,59.67,1,19.44
ASSET-0404,Electrical Pole,North,Copper,13.32,39.82,135.53,807.79,17.74,4,174.85,165.84,92.99,45.62,0,48.47,0,24.79
ASSET-0405,Pipeline,East,Composite,12.38,64.59,20.0,2729.41,29.78,4,214.53,414.37,87.67,53.98,1,55.45,0,22.03
ASSET-0406,Electrical Pole,South,Steel,13.24,38.48,74.39,389.67,24.32,0,135.27,176.37,74.64,24.56,6,82.48,1,26.55
ASSET-0407,Pipeline,South,Steel,5.55,59.66,76.76,591.31,12.94,4,65.49,276.78,89.89,62.48,0,66.56,0,28.49
ASSET-0408,Electrical Pole,North,Steel,24.32,45.52,71.85,2165.71,27.05,5,54.23,58.07,61.75,32.52,0,57.82,0,16.5
ASSET-0409,Electrical Pole,West,Asphalt,1.11,32.6,115.13,1562.27,21.47,1,37.81,142.67,83.6,53.56,0,37.24,0,32.8
ASSET-0410,Streetlight,West,Composite,20.68,38.53,79.45,1995.17,32.44,4,18.25,201.14,91.13,27.49,3,81.27,0,26.06
ASSET-0411,Streetlight,Industrial,Composite,34.64,61.1,112.62,2048.51,29.03,2,84.12,203.86,48.77,32.13,3,18.56,0,6.42
ASSET-0412,Pipeline,Industrial,PVC,33.34,77.45,81.21,1526.03,25.03,6,198.61,39.99,82.57,30.89,1,44.89,1,11.37
ASSET-0413,Road,West,Asphalt,35.48,75.8,72.81,399.23,21.53,4,139.22,305.31,86.22,54.39,1,32.99,0,7.02
ASSET-0414,Pipeline,Central,Concrete,16.04,76.2,93.45,1501.85,22.13,1,110.13,210.9,60.2,30.29,0,78.15,1,21.35
ASSET-0415,Road,East,Asphalt,15.06,84.06,140.86,1151.37,15.92,0,2.24,42.62,96.81,37.32,2,18.03,1,29.37
ASSET-0416,Road,East,PVC,6.02,72.74,103.6,1111.68,30.08,7,102.32,186.94,75.47,82.84,0,70.3,1,20.76
ASSET-0417,Road,Central,Copper,16.85,66.34,75.28,1170.62,31.4,10,184.64,95.19,64.37,25.93,0,52.06,1,20.91
ASSET-0418,Drainage,Central,Copper,25.33,29.52,126.45,1492.66,18.39,3,247.87,253.35,72.16,30.25,1,48.79,0,14.25
ASSET-0419,Electrical Pole,North,Asphalt,1.0,95.0,99.66,1438.89,24.48,2,105.13,20.06,100.0,10.31,0,50.08,0,43.14
ASSET-0420,Streetlight,Industrial,Steel,30.88,55.29,57.92,1952.6,31.58,5,177.26,419.44,100.0,21.27,3,64.9,1,18.58
ASSET-0421,Drainage,Central,Steel,22.99,21.15,89.89,712.31,32.45,6,0.0,177.8,92.19,31.27,2,64.32,0,24.25
ASSET-0422,Drainage,North,PVC,21.42,49.57,58.5,527.08,31.38,4,108.92,137.61,66.51,55.94,0,33.86,0,13.61
ASSET-0423,Road,Central,Composite,25.44,50.9,95.94,2164.55,24.81,4,25.69,158.03,82.97,3.89,1,59.81,1,25.83
ASSET-0424,Bridge,Industrial,Asphalt,18.41,75.74,105.03,2086.84,16.06,4,126.76,73.07,89.21,81.49,1,67.09,0,14.34
ASSET-0425,Streetlight,Central,Copper,18.85,40.73,40.38,776.54,12.47,7,110.79,145.41,88.0,12.56,0,59.23,1,27.92
ASSET-0426,Pipeline,East,Asphalt,28.29,65.03,102.45,1246.87,28.6,4,37.6,184.61,52.67,36.62,0,100.0,1,11.6
ASSET-0427,Pipeline,Industrial,Copper,17.6,26.92,90.97,1511.62,40.06,2,0.0,261.68,47.15,26.28,1,56.75,1,20.91
ASSET-0428,Electrical Pole,Industrial,PVC,24.89,41.33,86.79,1191.44,26.35,4,154.88,264.38,79.07,44.07,0,58.9,1,14.9
ASSET-0429,Road,Central,Composite,22.8,69.58,74.23,804.58,19.83,5,202.71,139.25,88.34,37.47,1,54.2,1,18.39
ASSET-0430,Pipeline,Industrial,Composite,25.47,61.51,163.27,688.67,29.66,2,50.46,178.91,74.47,93.36,1,37.66,0,5.89
ASSET-0431,Streetlight,South,PVC,20.73,13.51,92.24,1209.62,32.15,5,79.71,164.94,58.21,12.44,1,35.08,1,21.88
ASSET-0432,Electrical Pole,South,PVC,13.85,35.1,111.49,2280.86,13.29,0,110.01,181.57,75.94,26.07,1,64.62,1,26.56
ASSET-0433,Electrical Pole,Industrial,Composite,28.4,15.9,83.93,1328.29,16.74,7,69.17,175.87,82.01,23.17,0,50.28,1,18.86
ASSET-0434,Streetlight,Industrial,Concrete,28.29,48.26,69.61,1755.4,22.02,2,131.96,257.08,100.0,51.54,3,48.89,1,15.25
ASSET-0435,Drainage,Industrial,PVC,7.74,56.25,98.22,552.89,23.42,4,148.83,230.43,77.24,24.86,0,36.42,0,30.54
ASSET-0436,Electrical Pole,Industrial,Composite,35.85,55.27,88.25,642.72,45.0,1,85.69,221.58,82.8,54.16,4,67.11,0,7.26
ASSET-0437,Streetlight,North,Composite,7.44,49.86,104.23,2440.94,12.42,6,134.39,263.78,70.16,18.15,2,69.78,0,31.1
ASSET-0438,Streetlight,East,Concrete,27.72,54.73,77.01,264.73,32.37,4,42.74,126.14,63.6,5.34,0,37.59,1,20.12
ASSET-0439,Bridge,South,PVC,13.88,40.23,46.19,2413.55,36.27,2,141.79,221.75,93.44,18.63,3,48.14,0,30.54
ASSET-0440,Drainage,South,Steel,4.64,69.48,133.72,2752.75,14.2,5,87.22,258.34,45.53,9.74,0,59.42,0,31.25
ASSET-0441,Bridge,North,PVC,11.59,68.18,125.81,1559.75,39.57,4,22.65,316.34,61.11,53.21,3,66.22,0,21.79
ASSET-0442,Road,Central,Copper,3.04,36.64,134.68,1098.53,25.72,5,175.71,207.88,68.24,28.75,2,67.96,0,30.89
ASSET-0443,Streetlight,North,Composite,15.43,76.64,91.13,689.0,18.17,2,98.21,303.37,57.51,38.77,0,53.31,1,19.83
ASSET-0444,Streetlight,South,Copper,2.9,50.59,89.19,1524.17,27.01,1,206.74,201.03,75.57,34.82,0,61.92,0,30.47
ASSET-0445,Bridge,South,Composite,22.76,20.06,78.84,1047.03,27.31,6,58.26,130.2,62.77,18.97,0,71.87,0,20.41
ASSET-0446,Bridge,Industrial,Asphalt,7.46,63.56,43.94,863.2,22.03,7,98.02,0.0,36.02,35.68,2,64.76,1,22.17
ASSET-0447,Pipeline,Industrial,Composite,19.68,78.25,78.81,1736.95,10.31,2,0.0,152.52,71.17,37.28,1,41.3,1,21.58
ASSET-0448,Drainage,Central,PVC,16.1,25.05,135.9,1017.82,20.6,7,20.62,67.44,52.27,33.64,2,71.31,0,21.0
ASSET-0449,Drainage,South,Copper,43.72,10.01,113.26,865.72,19.72,2,47.3,348.45,87.16,35.46,3,30.77,1,7.05
ASSET-0450,Drainage,,PVC,4.69,11.44,74.02,1297.02,25.93,4,,260.32,76.31,49.66,0,63.61,0,30.38
ASSET-0451,Streetlight,West,Asphalt,6.12,47.05,111.03,1254.66,17.34,4,0.0,295.03,68.3,57.37,0,48.58,0,26.54
ASSET-0452,Drainage,Central,Copper,10.36,72.52,73.72,1586.76,21.56,0,74.37,62.09,72.61,11.19,2,56.36,1,32.09
ASSET-0453,Bridge,South,Copper,16.22,68.12,123.92,1187.94,18.06,0,65.12,118.28,73.93,28.1,2,46.97,1,25.03
ASSET-0454,Pipeline,North,Composite,17.43,78.68,105.25,1163.98,19.58,2,51.95,125.9,85.6,30.56,0,89.83,0,26.06
ASSET-0455,Pipeline,Central,Concrete,21.2,26.86,81.74,1266.53,40.34,1,198.08,319.95,60.68,29.45,0,54.34,0,16.23
ASSET-0456,Streetlight,North,PVC,17.63,68.19,127.71,751.14,7.29,3,143.48,204.94,66.12,37.5,3,64.87,1,19.19
ASSET-0457,Bridge,East,Asphalt,14.27,45.0,89.9,2182.04,23.35,3,81.41,289.9,100.0,44.01,1,58.66,0,27.58
ASSET-0458,Bridge,West,Concrete,1.0,69.9,99.02,1457.01,18.6,3,87.12,282.16,65.18,76.65,2,35.04,0,23.96
ASSET-0459,Bridge,West,PVC,16.71,41.97,29.17,2159.68,31.33,5,133.23,41.8,63.29,51.84,0,12.43,0,16.66
ASSET-0460,Drainage,North,Asphalt,15.73,52.16,99.07,1637.11,30.74,4,215.64,28.1,81.08,47.53,0,30.95,0,19.76
ASSET-0461,Bridge,West,Concrete,10.54,41.77,117.6,831.28,17.29,2,209.49,181.3,68.77,32.8,3,44.51,1,24.25
ASSET-0462,Road,East,Concrete,31.16,59.21,90.19,2700.54,15.5,3,21.41,275.25,100.0,68.4,3,54.44,0,12.08
ASSET-0463,Electrical Pole,East,Steel,14.35,21.58,156.08,1481.39,20.57,6,42.18,220.66,68.89,47.77,1,31.88,1,21.96
ASSET-0464,Pipeline,West,Composite,18.76,75.98,94.12,1665.07,15.59,3,70.04,254.7,72.57,48.8,3,70.45,0,18.77
ASSET-0465,Electrical Pole,West,Asphalt,20.73,35.04,94.92,880.15,21.9,3,41.61,0.0,59.97,38.87,0,58.28,0,17.68
ASSET-0466,Road,North,PVC,37.0,75.46,144.31,1434.68,35.51,2,68.45,0.0,93.35,65.81,0,53.43,1,6.37
ASSET-0467,Bridge,Central,Composite,10.46,62.65,128.75,200.0,28.68,3,129.07,225.9,68.61,32.93,1,75.47,0,25.86
ASSET-0468,Drainage,North,PVC,22.19,59.41,56.87,972.85,33.09,4,172.76,356.65,90.69,36.86,0,12.04,1,19.96
ASSET-0469,Road,North,Steel,16.32,48.48,106.71,1107.66,22.12,0,44.8,227.67,100.0,33.05,1,75.14,0,29.07
ASSET-0470,Streetlight,West,Concrete,9.89,62.34,72.79,1718.89,26.36,4,57.39,250.7,100.0,14.84,0,62.17,1,36.96
ASSET-0471,Drainage,Central,Copper,25.86,43.81,20.0,2015.51,31.84,0,71.39,336.82,98.06,53.77,1,59.49,1,17.37
ASSET-0472,Streetlight,Central,Steel,16.69,77.56,68.72,716.52,34.09,3,230.28,112.85,71.01,16.55,1,31.39,0,23.18
ASSET-0473,Pipeline,West,Concrete,13.12,26.27,115.82,1629.95,9.43,6,319.79,184.6,60.46,91.49,0,58.36,0,7.01
ASSET-0474,Bridge,Central,Asphalt,19.8,81.9,105.79,900.82,16.44,3,39.45,184.78,61.84,5.12,3,49.04,1,25.46
ASSET-0475,Electrical Pole,North,Copper,5.32,51.63,97.05,200.0,27.98,1,256.88,232.4,64.8,20.1,1,69.03,0,28.78
ASSET-0476,Road,Central,Copper,17.75,50.66,96.75,837.68,21.91,0,197.9,209.88,58.08,72.97,1,39.35,0,9.48
ASSET-0477,Streetlight,Central,Concrete,26.57,62.96,106.84,944.55,29.05,3,164.48,0.0,64.19,69.44,0,47.13,1,5.78
ASSET-0478,Drainage,North,Composite,13.52,30.7,28.75,1061.65,26.22,3,108.41,184.3,90.41,31.19,0,52.94,0,28.4
ASSET-0479,Pipeline,East,Composite,23.79,83.24,76.16,1259.36,28.05,2,121.63,33.43,40.16,42.33,0,61.64,1,9.68
ASSET-0480,Road,East,Steel,17.82,35.47,93.64,460.14,37.52,1,104.34,75.77,82.27,28.37,0,73.36,0,24.57
ASSET-0481,Electrical Pole,North,Copper,18.29,65.33,65.56,357.11,25.96,3,170.11,172.01,75.69,2.53,4,55.04,0,26.91
ASSET-0482,Pipeline,South,Concrete,24.98,38.28,104.24,418.29,29.07,3,122.34,249.8,49.81,21.31,2,95.77,1,14.77
ASSET-0483,Pipeline,Industrial,Steel,16.62,66.82,91.79,2365.35,9.28,4,0.0,0.0,77.35,37.79,1,56.09,0,24.73
ASSET-0484,Electrical Pole,West,Composite,48.98,49.84,110.3,810.38,27.66,3,87.16,361.89,93.19,37.73,0,51.5,0,3.2
ASSET-0485,Bridge,South,Concrete,45.03,50.39,128.1,2065.17,26.97,2,0.0,248.42,57.33,38.52,0,53.23,0,1.09
ASSET-0486,Drainage,North,PVC,18.34,60.37,61.56,1918.15,19.63,0,111.28,183.44,74.89,62.24,1,55.85,1,15.97
ASSET-0487,Bridge,North,PVC,6.97,71.41,100.53,947.98,7.86,6,21.79,120.87,78.45,11.07,0,19.77,0,36.59
ASSET-0488,Streetlight,West,Copper,25.21,44.1,180.0,603.39,16.71,2,139.45,132.98,83.02,15.43,0,25.63,0,21.42
ASSET-0489,Road,Industrial,Steel,1.0,44.64,85.97,821.14,36.19,6,93.22,0.61,61.8,23.0,0,45.44,1,33.96
ASSET-0490,Road,Industrial,PVC,11.47,47.27,75.93,1324.99,28.24,2,221.69,81.99,42.88,42.62,0,63.78,1,16.73
ASSET-0491,Pipeline,West,Asphalt,1.0,82.85,115.17,299.71,11.69,7,61.01,96.58,31.21,27.98,1,70.88,0,28.1
ASSET-0492,Drainage,East,Steel,4.01,24.59,108.53,1804.04,10.86,6,123.0,289.18,70.74,0.0,1,77.08,0,37.47
ASSET-0493,Drainage,East,Copper,9.06,47.24,89.72,200.0,40.04,2,160.46,171.33,94.64,43.12,1,41.92,1,28.86
ASSET-0494,Road,Industrial,Asphalt,25.98,17.53,114.38,540.57,36.27,4,171.53,188.2,40.46,17.79,2,61.0,1,12.11
ASSET-0495,Streetlight,South,Copper,29.81,63.07,66.0,722.36,25.93,0,253.88,224.17,94.09,3.39,3,98.17,1,20.31
ASSET-0496,Road,North,PVC,4.79,70.43,95.03,273.34,29.44,5,71.91,296.59,42.0,5.1,1,58.46,0,31.75
ASSET-0497,Pipeline,West,Copper,10.83,71.19,110.93,1714.88,23.89,5,84.35,385.38,57.37,77.11,1,33.24,1,15.64
ASSET-0498,Bridge,Industrial,Asphalt,31.68,57.52,120.53,1934.31,28.04,2,198.06,180.08,84.35,0.0,2,46.51,1,19.05
ASSET-0499,Road,Industrial,PVC,34.53,67.46,102.2,1491.79,16.01,7,279.31,219.29,100.0,23.62,0,58.74,0,13.52
ASSET-0500,Drainage,East,Composite,42.35,47.12,111.13,1383.83,16.02,5,,197.15,,10.65,2,36.93,0,25.14
ASSET-0501,Road,North,Composite,6.86,42.38,66.74,871.2,23.07,5,94.31,21.44,92.52,18.26,1,66.04,0,36.31
ASSET-0502,Pipeline,Central,Composite,20.0,76.88,109.37,683.21,44.61,4,108.21,276.39,76.49,42.98,5,53.05,1,19.01
ASSET-0503,Road,South,Copper,14.82,57.33,127.15,296.08,7.31,2,0.0,137.52,81.04,17.19,0,59.25,0,30.78
ASSET-0504,Drainage,North,Steel,26.63,21.1,119.61,1690.38,33.59,6,296.16,144.39,73.97,26.67,1,85.59,1,13.42
ASSET-0505,Electrical Pole,East,PVC,4.55,37.78,136.32,1812.02,21.73,5,147.3,330.03,73.34,55.51,5,68.77,1,25.97
ASSET-0506,Streetlight,North,Copper,18.49,69.45,84.04,2632.78,26.62,3,53.14,289.72,87.61,25.05,2,30.85,1,26.75
ASSET-0507,Drainage,East,PVC,19.85,64.06,146.22,737.51,13.49,2,13.07,313.67,99.88,41.4,3,60.41,1,25.54
ASSET-0508,Road,Central,Steel,17.05,48.34,85.69,271.32,27.38,3,179.63,189.35,69.07,17.58,1,71.29,0,23.39
ASSET-0509,Drainage,East,Composite,6.57,56.75,101.99,769.16,19.71,4,29.33,214.99,55.88,56.26,5,42.51,1,23.62
ASSET-0510,Road,North,Composite,23.34,40.47,126.23,440.84,29.33,2,103.44,76.9,86.8,18.26,2,51.81,1,23.57
ASSET-0511,Streetlight,West,Copper,16.86,57.96,72.15,1326.22,38.77,2,213.74,329.81,57.31,5.9,1,48.15,1,23.06
ASSET-0512,Pipeline,Industrial,Asphalt,36.69,55.7,70.93,511.7,34.81,2,123.51,275.58,63.28,34.08,1,70.3,1,6.42
ASSET-0513,Streetlight,East,Composite,23.91,50.6,96.91,976.93,11.7,4,271.38,91.63,58.09,17.59,2,66.07,0,14.77
ASSET-0514,Drainage,South,Concrete,16.41,36.64,97.77,261.23,26.29,5,19.9,26.75,100.0,22.76,3,55.23,1,31.56
ASSET-0515,Road,West,Steel,16.38,63.77,68.48,1279.5,21.57,1,147.0,153.67,69.17,10.8,3,73.78,0,25.88
ASSET-0516,Drainage,North,Composite,27.64,48.89,43.12,2371.75,24.45,2,153.34,296.71,71.59,60.57,3,38.63,0,8.36
ASSET-0517,Pipeline,Industrial,PVC,11.26,74.15,20.0,1110.33,12.12,3,96.09,144.18,62.06,13.06,4,91.61,1,28.75
ASSET-0518,Streetlight,Central,PVC,6.38,86.64,83.02,1277.51,24.43,2,198.71,192.59,63.42,8.91,0,28.46,0,31.19
ASSET-0519,Bridge,Industrial,Composite,18.12,31.07,87.03,2022.06,35.79,3,113.03,367.99,81.37,28.44,0,65.09,0,24.01
ASSET-0520,Electrical Pole,South,PVC,26.29,42.37,103.74,981.86,23.34,0,102.26,276.94,60.63,36.05,0,64.49,0,13.26
ASSET-0521,Road,South,Steel,15.83,36.22,134.98,1757.36,19.56,4,162.99,244.23,41.5,55.13,0,51.56,1,12.1
ASSET-0522,Drainage,North,PVC,44.38,61.04,83.41,200.0,37.51,1,39.72,146.86,97.5,50.46,1,63.55,0,5.6
ASSET-0523,Pipeline,West,Copper,12.0,57.79,97.2,1781.26,33.7,4,91.01,254.18,70.34,13.36,0,59.52,1,29.77
ASSET-0524,Road,North,PVC,27.1,51.33,58.72,1234.05,26.02,4,193.59,281.89,61.3,22.68,0,70.58,1,13.66
ASSET-0525,Electrical Pole,Industrial,Asphalt,32.49,48.7,87.76,2080.07,29.55,4,24.73,247.87,55.28,12.32,0,47.46,1,14.25
ASSET-0526,Drainage,Central,Concrete,15.78,26.18,123.76,1876.61,7.47,5,55.16,265.7,70.77,35.58,1,79.82,1,23.47
ASSET-0527,Pipeline,Industrial,Concrete,5.6,67.16,128.04,1629.8,45.0,2,196.58,169.39,94.2,34.85,0,81.51,1,32.13
ASSET-0528,Electrical Pole,Central,PVC,13.08,26.75,79.49,1571.42,37.53,4,225.46,44.18,64.02,29.23,1,59.51,1,22.01
ASSET-0529,Streetlight,Industrial,Copper,24.91,46.1,99.17,1172.93,16.67,3,108.51,163.49,72.57,36.51,0,80.91,1,16.15
ASSET-0530,Bridge,West,Copper,6.31,40.58,178.4,577.21,12.82,5,0.0,156.47,100.0,4.1,0,31.01,0,42.76
ASSET-0531,Road,North,Copper,26.98,77.5,79.62,1609.93,37.51,7,100.29,0.0,57.22,26.46,1,54.62,1,14.12
ASSET-0532,Bridge,South,PVC,29.19,80.49,89.85,1859.09,28.22,4,192.52,187.23,100.0,6.23,0,55.72,0,22.47
ASSET-0533,Bridge,East,Copper,22.39,80.36,94.27,346.66,32.58,5,0.0,179.62,43.38,21.71,0,72.57,0,17.79
ASSET-0534,Road,East,Steel,19.17,29.29,121.4,339.72,27.97,2,90.75,230.43,81.39,61.74,1,63.52,0,17.07
ASSET-0535,Streetlight,East,Steel,13.62,58.64,108.18,1141.01,8.77,4,149.16,111.98,48.88,64.52,2,53.88,1,13.38
ASSET-0536,Streetlight,Central,Concrete,6.63,38.56,134.08,1282.6,20.04,5,54.85,330.08,96.35,25.67,0,10.87,0,36.47
ASSET-0537,Bridge,Central,Copper,3.18,28.21,99.06,1004.26,12.89,3,160.43,232.78,37.81,32.43,0,74.23,1,24.89
ASSET-0538,Electrical Pole,Central,Composite,25.84,37.04,72.02,923.24,4.72,4,98.17,277.02,52.23,22.62,0,39.92,0,14.83
ASSET-0539,Pipeline,Central,Concrete,6.18,74.92,74.05,1274.51,21.57,1,106.54,239.91,50.26,51.18,0,49.31,0,22.35
ASSET-0540,Road,North,Concrete,23.31,41.73,96.13,1011.19,26.16,0,0.0,241.6,90.67,16.79,1,63.3,0,26.65
ASSET-0541,Streetlight,East,Composite,24.93,14.45,68.42,1000.45,31.33,8,101.76,39.3,79.24,61.42,1,41.68,1,12.49
ASSET-0542,Streetlight,West,Copper,27.58,68.27,64.22,1428.86,33.98,6,114.68,144.19,94.09,10.8,2,33.34,0,23.18
ASSET-0543,Drainage,Industrial,Copper,28.65,49.84,133.06,1494.85,13.99,6,244.1,268.23,58.29,28.88,1,45.33,1,9.78
ASSET-0544,Pipeline,West,Steel,34.92,57.89,20.0,1403.61,21.87,3,90.51,260.7,92.15,40.66,0,57.26,0,12.2
ASSET-0545,Electrical Pole,West,PVC,18.2,38.95,112.37,1476.03,38.86,6,65.15,262.03,54.88,48.92,0,39.58,1,16.05
ASSET-0546,Electrical Pole,North,Steel,20.8,10.0,42.47,1093.5,25.74,3,0.0,98.21,79.04,46.64,1,78.82,1,20.34
ASSET-0547,Drainage,West,Steel,21.97,40.05,86.58,358.28,24.03,6,174.82,320.2,66.55,61.92,1,84.49,1,10.72
ASSET-0548,Bridge,East,Composite,17.78,69.14,139.25,1083.94,26.97,6,109.36,47.91,100.0,25.6,1,78.81,1,28.25
ASSET-0549,Pipeline,West,Steel,11.92,34.84,102.61,200.0,22.41,4,98.4,25.65,100.0,37.07,3,53.32,0,30.27
ASSET-0550,Streetlight,Central,Concrete,9.2,60.38,88.53,493.34,38.23,2,,312.82,62.92,22.84,0,89.34,1,30.32
ASSET-0551,Drainage,North,PVC,5.11,56.17,122.38,1453.03,24.46,0,55.22,198.78,57.83,39.07,2,75.33,1,27.91
ASSET-0552,Bridge,North,Concrete,5.74,95.0,118.02,1198.97,34.81,8,4.9,157.47,29.19,38.85,2,57.3,1,23.37
ASSET-0553,Drainage,Central,Asphalt,11.45,14.01,106.21,2073.26,19.68,4,0.0,225.72,64.92,19.75,0,50.91,1,29.72
ASSET-0554,Bridge,East,Copper,21.82,28.76,83.09,1175.12,15.11,7,51.72,113.06,54.39,70.97,2,41.14,1,9.29
ASSET-0555,Bridge,South,Asphalt,29.06,59.01,102.72,993.31,18.26,4,76.39,361.68,49.15,65.72,1,63.38,0,3.83
ASSET-0556,Drainage,West,PVC,26.33,42.4,120.93,200.0,18.52,2,19.72,158.5,78.94,49.05,1,46.02,0,15.57
ASSET-0557,Road,West,Copper,21.69,57.49,123.08,1666.16,25.27,2,67.76,125.02,66.33,40.36,2,57.08,1,17.33
ASSET-0558,Bridge,South,Copper,18.16,57.87,79.52,644.76,9.2,2,157.85,109.71,67.72,44.33,2,38.57,1,17.45
ASSET-0559,Road,East,Asphalt,27.97,77.55,61.1,705.7,35.72,3,0.0,40.03,67.51,11.74,0,58.58,0,20.22
ASSET-0560,Electrical Pole,Industrial,Asphalt,32.62,49.19,127.18,2057.26,37.91,4,0.0,226.08,90.87,33.38,4,73.48,1,16.85
ASSET-0561,Road,North,Asphalt,23.68,76.73,105.0,200.0,20.51,6,55.39,157.65,53.19,70.68,4,42.09,1,7.75
ASSET-0562,Pipeline,Industrial,PVC,19.47,41.39,113.45,1505.81,32.31,4,354.83,77.21,41.21,27.14,0,31.14,0,11.26
ASSET-0563,Pipeline,North,Asphalt,7.99,36.56,66.36,1510.93,20.44,3,191.54,103.37,67.24,42.32,0,15.07,1,24.22
ASSET-0564,Streetlight,South,PVC,21.46,64.84,156.93,1294.86,32.38,3,143.78,346.73,33.77,43.27,4,63.08,1,9.53
ASSET-0565,Road,West,Copper,34.51,42.42,94.04,1220.11,5.04,1,32.25,262.21,87.7,41.48,2,55.05,1,12.69
ASSET-0566,Streetlight,East,Copper,30.02,55.18,96.74,1040.64,31.16,3,198.11,66.79,52.22,48.75,1,49.83,0,4.67
ASSET-0567,Road,South,Concrete,26.9,42.85,88.99,2039.54,38.85,7,97.43,303.07,54.92,16.86,0,88.11,1,15.74
ASSET-0568,Pipeline,Central,PVC,9.36,52.47,67.69,1617.1,21.62,1,155.33,36.63,56.93,0.0,0,61.21,0,30.59
ASSET-0569,Bridge,Central,Copper,1.0,25.38,94.93,873.84,42.93,7,50.57,235.71,85.49,23.05,0,57.78,1,39.07
ASSET-0570,Road,North,Concrete,16.27,46.28,108.27,749.56,14.63,4,150.88,62.34,88.71,0.0,0,53.36,1,31.56
ASSET-0571,Pipeline,West,Copper,11.64,43.7,151.13,689.47,45.0,4,127.36,227.62,100.0,15.13,0,44.41,0,34.28
ASSET-0572,Streetlight,Central,Steel,18.32,20.48,95.67,2216.13,26.36,3,70.55,269.85,57.14,71.93,4,62.62,1,11.66
ASSET-0573,Streetlight,East,Steel,17.88,75.61,127.84,716.4,20.26,1,152.73,246.66,47.7,25.9,0,41.82,1,17.84
ASSET-0574,Streetlight,Industrial,PVC,23.51,40.33,85.98,223.61,26.68,3,61.68,161.1,75.25,18.7,0,90.5,0,22.11
ASSET-0575,Streetlight,Central,Copper,11.67,53.06,125.33,3317.43,13.8,4,63.4,126.12,59.04,12.49,1,31.46,0,28.69
ASSET-0576,Streetlight,East,Asphalt,27.47,56.1,107.67,920.29,21.7,4,26.88,144.2,56.53,17.19,0,82.11,0,16.97
ASSET-0577,Pipeline,East,Composite,11.13,78.27,127.06,428.4,15.2,9,260.07,176.85,76.63,22.38,2,45.09,1,26.32
ASSET-0578,Drainage,Central,PVC,1.0,28.57,95.63,521.36,24.39,1,57.41,265.32,76.45,34.81,2,66.65,0,34.95
ASSET-0579,Electrical Pole,Industrial,Composite,32.47,45.8,82.11,419.33,21.14,5,224.0,276.03,39.7,56.66,0,74.17,1,1.0
ASSET-0580,Drainage,East,Composite,14.32,69.05,55.03,1902.7,11.82,2,40.15,4.57,73.7,71.12,5,59.75,1,18.21
ASSET-0581,Streetlight,Central,Steel,29.17,59.64,109.97,994.71,26.76,5,73.72,172.25,70.95,51.53,0,57.07,0,10.57
ASSET-0582,Streetlight,West,Steel,37.12,78.28,135.48,1214.66,27.89,6,244.82,0.0,48.32,61.19,1,45.91,1,1.0
ASSET-0583,Electrical Pole,Central,Asphalt,5.46,43.9,52.93,2454.66,24.8,3,167.05,276.23,89.03,56.47,0,52.64,1,27.57
ASSET-0584,Electrical Pole,South,Concrete,25.69,44.45,94.85,1439.26,32.07,0,177.18,156.63,84.73,50.54,3,82.36,0,13.62
ASSET-0585,Electrical Pole,North,Steel,31.47,83.87,103.74,1219.31,32.86,5,95.27,220.48,71.37,17.92,3,58.99,1,15.33
ASSET-0586,Pipeline,West,Steel,38.49,22.49,78.3,1219.58,35.24,4,144.84,67.27,51.18,41.45,0,48.43,1,1.08
ASSET-0587,Bridge,West,Copper,23.01,35.35,143.16,1934.36,10.86,2,0.0,101.74,85.79,26.72,2,30.6,0,23.99
ASSET-0588,Drainage,Industrial,Composite,25.98,43.9,95.37,1144.28,13.56,1,197.42,219.9,90.9,41.49,1,26.93,1,15.93
ASSET-0589,Bridge,Central,Steel,15.3,54.45,153.59,1612.17,38.82,5,63.1,191.71,76.25,16.22,0,54.3,0,28.51
ASSET-0590,Electrical Pole,West,Copper,34.06,13.39,131.17,637.92,12.65,6,178.55,305.45,86.41,76.2,2,55.18,1,2.9
ASSET-0591,Bridge,West,Copper,21.43,79.87,71.62,808.87,22.22,0,131.05,0.0,72.96,52.31,0,88.19,1,15.05
ASSET-0592,Pipeline,Industrial,Composite,3.39,78.83,115.25,200.0,45.0,3,49.8,39.29,68.04,32.45,1,52.64,1,32.39
ASSET-0593,Electrical Pole,East,Copper,24.33,47.25,36.95,1110.38,3.69,4,41.66,196.34,95.65,16.03,3,50.2,1,26.15
ASSET-0594,Bridge,East,Copper,35.53,47.7,69.79,1612.34,21.08,2,81.77,175.54,96.16,0.0,1,69.25,1,20.8
ASSET-0595,Pipeline,East,Composite,19.93,81.2,92.77,1089.27,30.33,4,88.77,231.61,60.25,22.78,0,82.36,1,20.56
ASSET-0596,Electrical Pole,West,PVC,1.0,62.91,96.03,200.0,27.79,4,167.17,0.0,96.6,20.25,2,71.34,0,39.29
ASSET-0597,Streetlight,Industrial,PVC,9.23,68.21,83.44,200.0,35.51,2,51.64,139.69,76.9,33.85,2,33.89,1,29.58
ASSET-0598,Streetlight,Industrial,Copper,10.58,52.68,151.94,1131.71,34.77,4,81.31,155.33,68.97,47.07,3,64.47,1,23.97
ASSET-0599,Drainage,East,Steel,29.87,35.7,82.56,765.42,27.83,3,178.38,86.9,72.77,48.74,0,96.19,1,8.87
ASSET-0600,Pipeline,,,15.17,14.5,99.74,1220.07,24.26,5,,209.79,,32.91,0,31.37,1,23.62
ASSET-0601,Drainage,Industrial,PVC,19.4,56.3,119.4,693.69,9.31,4,142.5,328.96,49.13,58.09,5,51.2,1,10.8
ASSET-0602,Bridge,South,Copper,5.09,46.86,95.42,1538.27,19.68,7,30.84,6.08,91.92,0.0,1,100.0,1,42.37
ASSET-0603,Streetlight,Industrial,PVC,17.88,32.58,93.28,1169.52,26.45,5,36.87,348.75,76.41,49.54,0,81.15,1,20.59
ASSET-0604,Streetlight,Industrial,Copper,15.43,60.55,67.01,601.84,31.19,3,51.69,115.68,84.58,22.42,1,58.27,1,28.91
ASSET-0605,Road,Industrial,Copper,1.0,25.58,105.09,757.78,34.51,5,177.53,361.98,70.5,47.98,0,100.0,1,28.84
ASSET-0606,Bridge,North,Concrete,37.84,55.24,106.6,2015.58,23.68,2,189.92,187.84,75.29,18.31,0,62.25,1,9.6
ASSET-0607,Electrical Pole,West,Concrete,27.05,50.48,138.09,777.65,15.51,3,113.39,257.0,58.05,62.36,4,57.3,1,6.77
ASSET-0608,Bridge,North,Copper,30.5,33.87,127.26,1828.37,32.77,3,0.0,115.83,60.73,15.43,1,50.46,0,16.5
ASSET-0609,Bridge,West,Composite,9.75,33.82,73.53,1872.9,19.05,2,83.46,213.9,80.21,0.0,3,83.85,0,35.94
ASSET-0610,Drainage,West,Composite,7.5,35.55,81.49,746.4,27.02,0,30.57,333.92,55.29,59.87,2,25.43,1,22.12
ASSET-0611,Pipeline,East,PVC,24.35,52.65,81.34,1346.97,29.27,5,214.26,220.81,47.24,25.53,5,71.04,1,12.07
ASSET-0612,Road,Industrial,Copper,41.69,82.91,102.25,1380.84,24.67,0,121.44,301.07,61.21,43.24,2,41.63,1,1.0
ASSET-0613,Electrical Pole,Industrial,Concrete,13.49,34.64,70.34,427.44,16.9,6,46.76,192.65,62.95,58.58,3,73.55,0,19.24
ASSET-0614,Bridge,West,Steel,21.06,50.38,59.24,2366.12,18.16,5,204.77,124.47,90.68,50.28,4,49.55,0,17.43
ASSET-0615,Road,West,Asphalt,5.14,44.89,101.27,1234.93,21.46,0,157.64,377.23,80.36,47.18,2,65.15,1,28.28
ASSET-0616,Electrical Pole,East,Concrete,27.32,62.91,85.62,722.41,22.76,4,94.71,211.43,79.9,51.66,3,59.4,1,13.03
ASSET-0617,Streetlight,Central,Concrete,4.92,48.1,96.32,200.0,37.5,4,150.51,316.55,60.66,46.48,1,54.69,0,25.17
ASSET-0618,Pipeline,East,Asphalt,10.28,88.31,83.73,1619.68,8.12,6,204.18,189.74,67.92,43.0,4,26.26,0,22.35
ASSET-0619,Streetlight,Central,Asphalt,25.82,36.77,94.4,1051.27,21.15,3,29.27,282.92,39.71,45.8,1,36.92,0,9.33
ASSET-0620,Bridge,Central,Asphalt,20.02,23.86,96.19,346.27,29.15,2,83.92,209.39,58.09,33.84,0,69.36,1,18.0
ASSET-0621,Road,East,Steel,35.65,95.0,97.74,1672.92,8.97,7,182.1,131.61,94.27,29.91,0,66.56,0,12.39
ASSET-0622,Electrical Pole,East,Composite,7.37,75.43,63.32,569.97,16.81,5,70.66,45.2,61.1,34.36,0,37.27,1,27.55
ASSET-0623,Electrical Pole,East,PVC,39.11,37.79,85.31,979.66,21.21,5,195.85,149.4,49.74,60.49,1,89.15,1,1.0
ASSET-0624,Bridge,South,Copper,1.0,58.91,152.56,988.04,22.97,4,75.3,148.79,65.92,22.45,3,66.3,0,35.17
ASSET-0625,Drainage,West,Copper,20.51,71.17,87.07,735.48,19.58,4,35.26,129.97,62.71,77.49,0,54.77,1,10.73
ASSET-0626,Drainage,Industrial,Concrete,35.26,57.44,117.6,1259.9,18.99,0,136.44,102.44,57.59,25.02,4,100.0,1,7.95
ASSET-0627,Bridge,West,PVC,20.17,45.7,59.68,1481.12,41.05,3,0.0,247.0,89.74,3.28,1,66.12,0,31.38
ASSET-0628,Road,East,Asphalt,17.27,39.18,125.48,957.97,11.63,0,220.87,241.67,73.58,26.19,0,38.64,1,21.5
ASSET-0629,Pipeline,East,PVC,13.69,12.6,72.92,1013.44,30.49,3,183.59,314.91,91.05,44.41,1,40.35,0,24.25
ASSET-0630,Streetlight,North,PVC,25.4,88.59,105.26,2350.36,11.27,1,188.42,206.43,95.65,34.69,0,54.16,0,18.73
ASSET-0631,Electrical Pole,South,Concrete,2.67,32.43,124.17,1723.67,28.27,0,91.33,57.5,93.18,23.33,0,58.54,0,38.41
ASSET-0632,Drainage,East,Steel,11.6,84.67,72.96,360.46,5.62,3,75.05,37.11,93.41,48.34,1,82.56,1,27.52
ASSET-0633,Streetlight,Industrial,PVC,24.63,38.54,63.82,1690.79,28.57,4,52.28,240.79,58.4,32.96,3,46.1,1,15.63
ASSET-0634,Electrical Pole,East,PVC,2.27,33.95,124.83,1352.84,23.84,2,158.83,95.09,77.5,20.37,0,46.53,0,35.11
ASSET-0635,Bridge,South,Asphalt,14.25,54.02,102.06,200.0,17.73,3,240.4,72.0,74.93,64.9,0,65.09,1,15.72
ASSET-0636,Electrical Pole,Central,PVC,9.98,44.91,70.91,760.89,45.0,5,208.14,229.2,43.09,42.9,3,42.64,1,18.03
ASSET-0637,Streetlight,West,Copper,27.65,69.09,150.56,949.33,15.12,3,234.85,0.0,34.77,36.79,0,58.14,0,4.85
ASSET-0638,Bridge,South,Composite,27.45,43.95,38.81,2426.69,16.02,1,208.3,141.55,70.86,44.66,3,52.0,0,10.44
ASSET-0639,Road,Central,Asphalt,33.2,12.28,117.79,696.28,37.35,4,66.17,246.28,88.08,47.84,0,49.29,0,11.72
ASSET-0640,Pipeline,North,Copper,17.96,54.17,117.49,200.0,28.01,3,52.92,105.75,68.14,0.0,0,42.24,1,28.63
ASSET-0641,Streetlight,Central,Steel,23.33,38.89,88.55,2125.37,33.95,5,80.01,234.3,67.79,31.08,2,47.25,1,18.05
ASSET-0642,Bridge,South,PVC,32.93,51.8,113.55,2073.36,34.28,1,155.59,265.07,88.05,12.73,0,75.9,0,17.14
ASSET-0643,Drainage,North,Composite,10.38,49.01,142.28,1171.32,18.46,2,146.62,46.69,67.55,41.66,3,70.02,1,23.63
ASSET-0644,Streetlight,West,Concrete,10.86,78.57,86.01,458.58,23.45,6,133.22,181.25,100.0,6.37,0,28.91,0,36.46
ASSET-0645,Drainage,North,Asphalt,21.73,58.33,141.28,1346.09,21.36,4,129.42,12.82,100.0,45.4,1,69.07,1,21.12
ASSET-0646,Drainage,West,Copper,25.09,52.19,76.06,1559.67,28.47,2,233.52,209.34,85.14,62.84,1,63.71,1,10.52
ASSET-0647,Drainage,Industrial,PVC,26.1,40.5,96.62,1275.33,16.4,8,7.42,50.19,95.66,49.27,0,68.93,0,18.95
ASSET-0648,Drainage,East,Concrete,32.68,54.39,172.96,200.0,31.24,6,191.31,159.56,66.77,43.88,2,68.84,0,6.54
ASSET-0649,Streetlight,North,Concrete,28.4,34.62,88.17,635.99,21.52,6,128.64,440.69,75.48,36.19,1,46.52,1,13.9
ASSET-0650,Electrical Pole,North,Copper,17.42,77.56,98.42,723.92,16.67,3,,299.36,47.87,28.6,1,24.99,0,18.18
ASSET-0651,Road,West,Concrete,9.66,41.4,71.12,1315.13,23.55,2,154.24,352.31,100.0,0.0,2,54.8,1,38.15
ASSET-0652,Bridge,South,Composite,19.55,47.03,98.53,1290.84,19.79,2,84.1,203.43,82.78,52.07,0,63.11,0,19.12
ASSET-0653,Electrical Pole,West,PVC,27.63,78.31,93.24,1067.44,26.72,1,104.51,254.46,83.56,29.59,1,43.16,0,17.69
ASSET-0654,Drainage,West,Asphalt,25.03,53.44,86.72,982.97,24.43,3,172.65,140.47,100.0,64.3,0,59.25,1,14.17
ASSET-0655,Electrical Pole,Industrial,Copper,11.49,48.47,155.07,1015.46,28.24,5,39.95,94.49,50.29,17.28,0,67.8,1,26.75
ASSET-0656,Pipeline,North,Steel,38.54,57.96,52.51,814.33,20.87,1,188.81,261.03,51.2,49.5,3,92.25,0,1.0
ASSET-0657,Drainage,Central,Steel,46.65,36.96,179.73,987.48,19.67,4,73.44,219.9,48.24,30.22,3,56.97,1,1.0
ASSET-0658,Bridge,North,Concrete,19.42,64.51,130.12,206.87,30.26,3,133.33,286.0,50.5,14.75,0,48.12,0,19.88
ASSET-0659,Drainage,Industrial,Composite,31.3,52.59,54.8,908.59,11.61,1,151.11,62.61,92.03,33.58,1,52.99,0,14.92
ASSET-0660,Streetlight,West,Steel,25.73,70.66,105.05,1538.87,23.09,5,92.97,180.22,67.06,25.86,0,66.42,1,17.03
ASSET-0661,Pipeline,South,PVC,31.11,78.42,57.3,1973.52,22.14,5,47.5,194.2,77.65,5.31,2,82.23,1,20.19
ASSET-0662,Electrical Pole,North,Concrete,16.25,82.2,89.31,1709.75,5.03,8,239.64,151.54,36.5,40.76,0,66.01,0,12.25
ASSET-0663,Drainage,Central,Concrete,22.12,36.17,128.63,1683.34,33.78,4,6.76,277.79,67.13,7.2,3,95.79,1,25.02
ASSET-0664,Road,North,Copper,17.59,95.0,97.74,971.73,19.33,7,57.59,253.53,61.94,25.79,3,51.16,1,22.53
ASSET-0665,Streetlight,Industrial,Composite,13.95,77.66,142.92,1586.81,19.11,2,126.39,212.09,54.22,49.46,1,27.12,0,17.57
ASSET-0666,Bridge,Industrial,Concrete,8.71,44.92,92.81,2333.57,27.14,2,137.65,144.79,77.85,46.61,3,57.56,1,25.84
ASSET-0667,Bridge,Central,Steel,34.39,73.16,73.78,2525.91,27.94,2,252.23,387.78,71.41,24.93,1,70.87,0,8.75
ASSET-0668,Road,South,Copper,30.78,66.41,98.05,2098.81,22.18,6,96.95,223.1,69.96,33.88,0,82.21,0,12.33
ASSET-0669,Bridge,Industrial,Copper,10.67,40.2,158.63,1786.71,3.53,2,0.0,84.93,20.0,32.26,0,59.08,1,19.68
ASSET-0670,Streetlight,Industrial,PVC,1.75,56.66,82.55,2101.17,37.7,5,93.87,378.54,44.05,6.93,1,98.57,1,33.44
ASSET-0671,Bridge,Industrial,Copper,15.98,51.34,51.74,1767.56,33.58,5,69.66,109.33,48.72,36.68,0,36.81,1,18.85
ASSET-0672,Pipeline,East,Concrete,13.76,45.22,78.86,1479.87,25.71,3,134.64,80.85,73.9,38.01,0,75.92,0,23.38
ASSET-0673,Streetlight,Industrial,Steel,9.19,56.81,129.93,1755.41,25.31,3,195.8,247.47,60.87,19.1,0,60.77,0,26.79
ASSET-0674,Drainage,Central,Asphalt,17.17,77.72,105.77,2000.54,18.72,6,77.69,257.76,45.74,39.7,0,53.19,1,16.72
ASSET-0675,Pipeline,Industrial,Composite,22.4,44.58,63.49,1707.67,24.07,3,123.35,443.67,92.76,58.25,2,61.0,1,16.9
ASSET-0676,Streetlight,East,Composite,1.0,41.42,80.58,200.0,14.58,0,116.93,261.88,91.92,43.3,0,23.22,0,34.85
ASSET-0677,Bridge,East,Asphalt,1.0,29.62,68.33,1104.15,15.87,4,101.42,181.05,92.52,11.4,2,57.75,1,41.65
ASSET-0678,Streetlight,West,Steel,14.67,72.71,121.37,632.11,23.36,4,98.16,238.5,77.06,71.65,0,55.8,0,17.31
ASSET-0679,Pipeline,Industrial,Steel,8.91,67.08,46.48,1407.79,19.33,2,4.28,133.49,91.52,34.5,2,87.96,0,33.25
ASSET-0680,Road,Central,Asphalt,20.64,43.82,109.02,873.42,20.46,0,194.1,141.4,75.28,14.28,2,44.29,0,22.36
ASSET-0681,Streetlight,Central,Steel,16.58,72.56,118.72,1186.78,9.09,9,259.67,252.27,58.44,32.73,0,80.75,1,17.17
ASSET-0682,Pipeline,South,PVC,20.63,39.32,80.88,1872.71,39.4,7,180.56,154.74,20.0,40.94,1,60.52,1,7.36
ASSET-0683,Drainage,East,Concrete,18.54,28.47,111.72,1579.33,31.14,5,168.32,139.0,70.72,36.82,1,75.97,0,19.02
ASSET-0684,Bridge,North,PVC,24.44,95.0,161.19,1247.79,-5.0,6,76.77,99.85,64.83,26.07,2,29.93,1,17.81
ASSET-0685,Streetlight,Central,Concrete,7.22,61.86,113.69,1584.92,17.92,2,79.47,203.99,98.74,0.0,1,34.01,0,41.13
ASSET-0686,Bridge,Central,Composite,1.48,74.34,111.34,1469.66,33.29,3,85.39,398.57,67.56,49.7,1,24.73,0,29.48
ASSET-0687,Bridge,West,Steel,1.0,43.42,126.68,1672.97,33.23,2,249.27,83.51,75.83,34.79,1,82.09,0,31.01
ASSET-0688,Pipeline,East,Concrete,10.95,28.01,95.6,960.1,45.0,5,87.25,74.39,38.15,14.5,1,83.69,1,24.56
ASSET-0689,Bridge,Industrial,Concrete,29.22,59.58,85.3,1361.29,20.33,7,104.86,171.37,32.12,31.09,2,38.78,1,7.01
ASSET-0690,Drainage,South,Composite,10.49,70.85,50.7,1834.68,20.21,3,30.09,217.8,100.0,50.63,0,78.44,0,29.93
ASSET-0691,Bridge,West,Steel,14.83,82.49,119.2,200.0,15.96,5,132.13,77.62,60.6,0.0,1,97.79,1,27.88
ASSET-0692,Pipeline,West,Asphalt,26.05,95.0,121.47,1816.49,42.77,4,105.02,283.27,98.17,25.4,0,60.5,0,22.26
ASSET-0693,Pipeline,East,PVC,26.31,70.96,52.27,2346.96,19.23,3,47.79,449.83,76.36,17.98,2,71.84,1,20.78
ASSET-0694,Drainage,West,Concrete,16.12,71.81,70.24,904.25,6.91,1,264.61,344.14,73.18,68.26,1,53.62,0,12.94
ASSET-0695,Electrical Pole,West,PVC,18.57,52.5,88.54,1886.04,26.35,5,202.51,218.82,54.54,7.94,1,54.92,0,21.18
ASSET-0696,Pipeline,East,Asphalt,18.87,54.68,172.51,401.86,7.09,4,89.89,211.61,82.51,60.68,0,47.98,1,17.71
ASSET-0697,Bridge,Industrial,Steel,22.29,70.41,160.8,1773.42,24.49,2,74.86,120.73,83.79,40.14,0,50.15,1,19.95
ASSET-0698,Streetlight,Central,Copper,26.78,62.03,112.06,1429.75,39.64,4,89.12,88.42,76.49,0.0,1,54.29,0,23.24
ASSET-0699,Pipeline,South,Steel,4.36,36.43,119.29,1338.43,25.92,4,127.41,304.29,74.22,5.84,3,64.67,1,36.59
ASSET-0700,Drainage,Central,Steel,12.11,29.93,106.88,1129.7,39.17,3,,269.58,,38.37,2,57.32,1,28.75
ASSET-0701,Electrical Pole,Industrial,PVC,20.34,78.3,113.76,1098.44,37.17,0,284.17,9.4,60.71,34.18,1,76.12,1,14.17
ASSET-0702,Drainage,Industrial,Composite,7.42,60.22,77.65,1377.08,24.42,4,76.01,128.99,77.17,53.87,0,42.36,0,26.4
ASSET-0703,Drainage,South,Composite,24.13,54.35,119.91,656.52,8.99,2,58.69,172.12,60.54,49.82,1,60.71,0,12.87
ASSET-0704,Bridge,South,Composite,19.58,58.9,94.28,1506.36,17.84,6,101.08,48.85,75.39,17.98,2,97.77,1,24.25
ASSET-0705,Bridge,Central,Composite,10.13,61.65,42.33,1472.34,17.03,2,31.9,253.22,90.13,35.47,0,86.61,0,31.4
ASSET-0706,Streetlight,North,Concrete,10.5,11.76,108.75,537.14,33.9,3,168.3,320.15,50.24,23.68,1,85.68,0,23.59
ASSET-0707,Electrical Pole,North,Concrete,11.42,43.11,109.34,853.66,26.37,0,297.15,45.23,66.21,34.35,4,34.15,1,21.11
ASSET-0708,Electrical Pole,South,Concrete,37.84,70.14,107.51,609.22,30.14,2,221.33,82.89,69.96,23.89,0,71.34,0,6.9
ASSET-0709,Road,South,Copper,23.35,79.18,41.6,1838.5,45.0,3,271.61,153.68,47.3,28.89,3,42.91,1,10.96
ASSET-0710,Road,Central,Composite,12.0,66.87,95.09,1550.77,27.14,4,85.42,203.17,55.31,60.77,0,78.32,0,17.69
ASSET-0711,Streetlight,West,Composite,15.66,59.04,80.15,590.4,9.3,1,94.09,201.19,90.19,26.08,0,32.03,0,28.17
ASSET-0712,Road,Central,Copper,22.8,82.66,132.99,1625.96,30.75,7,146.57,244.61,66.23,7.76,0,57.84,1,21.48
ASSET-0713,Road,Central,Composite,18.61,93.53,97.44,1907.31,21.08,3,13.68,105.77,81.49,35.15,2,61.26,1,24.34
ASSET-0714,Pipeline,North,Copper,14.48,95.0,92.18,1897.8,21.39,5,194.24,200.85,29.62,35.37,3,67.49,1,14.24
ASSET-0715,Electrical Pole,West,Steel,22.46,20.55,73.39,1446.81,28.69,6,108.41,220.58,72.29,15.26,0,65.76,1,22.07
ASSET-0716,Road,Central,Steel,19.74,42.64,46.42,1577.84,22.61,5,269.12,0.0,59.41,30.81,3,28.54,1,15.33
ASSET-0717,Streetlight,Central,PVC,37.36,57.72,92.12,1081.16,21.07,6,34.52,214.54,65.08,19.76,5,65.54,1,10.92
ASSET-0718,Pipeline,West,Concrete,24.13,77.76,52.36,2251.38,2.42,2,83.28,238.17,75.94,31.66,1,40.4,1,18.78
ASSET-0719,Drainage,West,Copper,3.03,69.53,115.81,2150.7,17.89,5,97.3,299.05,90.4,39.22,0,75.3,1,34.36
ASSET-0720,Electrical Pole,South,PVC,24.47,41.31,55.17,1026.88,38.64,6,31.01,63.22,94.94,12.29,2,46.91,0,26.88
ASSET-0721,Road,Industrial,Composite,34.17,39.59,129.3,1310.92,27.27,0,0.0,157.94,76.44,12.5,0,68.11,0,17.34
ASSET-0722,Road,West,Asphalt,23.63,52.25,118.41,495.48,21.8,7,125.47,192.63,100.0,7.01,2,87.95,1,27.55
ASSET-0723,Drainage,North,Composite,14.75,72.19,65.54,787.96,28.46,5,209.67,336.96,70.79,58.87,0,74.24,1,16.45
ASSET-0724,Bridge,North,Asphalt,20.07,63.91,107.71,237.18,14.88,4,0.0,263.12,87.69,41.54,0,82.84,0,23.43
ASSET-0725,Electrical Pole,East,Copper,38.37,57.94,110.32,1321.04,29.77,3,117.23,270.57,100.0,7.0,1,36.75,0,17.4
ASSET-0726,Road,Central,Concrete,33.92,43.25,51.7,1582.91,40.7,5,136.38,220.91,97.47,17.52,1,49.85,1,17.57
ASSET-0727,Electrical Pole,Central,Asphalt,6.32,48.43,128.23,1539.96,30.8,4,161.87,99.94,66.43,38.84,1,63.76,1,26.53
ASSET-0728,Road,Industrial,PVC,16.62,47.45,180.0,1744.07,28.72,3,83.9,166.92,77.27,0.0,0,46.54,0,30.6
ASSET-0729,Streetlight,Industrial,Concrete,20.07,50.21,139.34,310.56,18.24,7,130.49,268.48,100.0,21.12,1,53.1,1,27.12
ASSET-0730,Pipeline,North,Steel,1.0,48.79,121.43,1524.35,30.57,3,67.51,306.93,63.05,40.88,1,84.31,1,31.12
ASSET-0731,Electrical Pole,West,Concrete,27.71,29.09,59.37,1547.35,24.42,3,201.25,198.75,72.94,50.6,0,86.23,1,9.59
ASSET-0732,Streetlight,South,Copper,10.12,68.14,138.01,373.62,21.91,6,212.58,162.85,58.78,54.12,3,37.04,0,18.42
ASSET-0733,Drainage,Industrial,Copper,5.96,59.51,113.88,1020.56,31.11,2,0.0,137.61,73.14,29.48,0,25.32,1,33.1
ASSET-0734,Electrical Pole,South,Composite,12.86,72.95,132.69,1912.63,17.66,1,159.73,243.51,79.2,0.0,0,57.47,0,32.06
ASSET-0735,Streetlight,Industrial,PVC,22.87,70.35,99.33,1398.47,25.76,5,145.03,186.57,67.17,36.63,2,62.81,1,15.86
ASSET-0736,Drainage,South,Concrete,21.81,81.85,102.95,810.6,32.95,1,33.49,213.58,81.3,10.1,0,47.09,1,26.68
ASSET-0737,Streetlight,Central,Asphalt,13.13,73.87,116.2,1188.53,20.09,1,233.61,239.21,59.28,49.39,1,52.83,0,16.93
ASSET-0738,Pipeline,North,Composite,22.35,40.17,84.69,1272.88,20.5,5,269.53,104.57,42.03,0.0,1,46.06,1,16.53
ASSET-0739,Drainage,West,Steel,20.08,57.65,46.9,200.0,27.66,4,85.93,14.29,80.49,60.44,1,42.75,1,16.63
ASSET-0740,Drainage,West,Steel,18.45,27.68,126.74,1249.11,9.09,3,157.06,146.7,67.03,10.51,2,46.33,0,23.91
ASSET-0741,Electrical Pole,West,Concrete,1.0,47.57,124.43,967.84,40.64,4,147.1,167.16,70.77,29.73,1,67.56,0,33.15
ASSET-0742,Pipeline,South,Composite,8.64,33.48,61.3,2427.39,29.77,4,35.4,242.33,69.9,39.28,0,60.88,1,27.97
ASSET-0743,Pipeline,South,Asphalt,13.76,39.69,117.02,277.38,30.08,5,49.63,97.97,67.99,40.64,1,65.8,0,23.49
ASSET-0744,Electrical Pole,South,Composite,35.63,44.85,43.54,1695.55,40.15,4,32.98,167.61,51.87,47.86,0,52.6,1,4.16
ASSET-0745,Pipeline,North,Concrete,7.96,57.54,84.01,1306.06,25.2,2,170.15,175.12,54.21,79.82,2,55.24,1,14.82
ASSET-0746,Pipeline,West,PVC,32.15,91.84,90.64,1408.44,16.11,3,104.07,198.48,77.99,46.2,1,36.21,0,10.21
ASSET-0747,Road,South,Concrete,8.62,44.07,86.53,1830.46,14.53,3,196.24,150.01,80.29,32.21,1,53.89,1,28.05
ASSET-0748,Drainage,Central,Copper,24.67,24.1,84.1,1377.94,29.8,6,88.72,327.95,60.14,61.57,2,41.56,1,9.47
ASSET-0749,Road,North,Concrete,21.07,53.98,113.77,1066.04,22.23,6,112.1,262.64,67.94,68.33,0,46.95,1,11.57
ASSET-0750,Road,,Copper,53.25,46.1,143.03,1735.1,23.61,0,,190.16,93.01,66.77,0,72.42,0,7.74
ASSET-0751,Drainage,North,PVC,25.65,76.47,109.96,200.0,23.6,1,103.79,278.0,77.49,57.96,2,34.63,1,12.33
ASSET-0752,Road,Industrial,Copper,1.0,57.98,88.58,613.83,9.69,2,104.44,246.59,75.4,67.16,0,73.86,0,27.35
ASSET-0753,Bridge,Central,Copper,18.47,68.89,81.9,1843.01,27.66,2,119.04,156.04,80.81,11.4,1,65.12,1,26.96
ASSET-0754,Drainage,South,Steel,18.33,81.94,118.22,1195.51,26.95,4,152.26,0.0,66.57,5.31,3,56.9,1,25.04
ASSET-0755,Pipeline,West,Steel,16.07,72.94,107.67,522.82,24.36,3,0.0,110.97,68.7,32.7,0,78.73,1,24.58
ASSET-0756,Drainage,East,Asphalt,16.98,55.75,107.02,727.15,29.11,3,48.27,237.34,98.85,49.5,2,48.63,1,25.04
ASSET-0757,Road,East,PVC,2.02,84.8,156.64,2125.68,21.98,1,34.75,11.63,70.07,67.11,1,63.44,0,27.08
ASSET-0758,Electrical Pole,Industrial,Asphalt,31.76,46.92,156.07,2395.26,23.82,2,175.78,145.25,51.18,60.62,3,60.8,1,1.34
ASSET-0759,Bridge,West,Concrete,5.37,30.41,98.22,900.08,21.93,6,178.65,317.81,54.17,28.14,2,66.07,1,26.79
ASSET-0760,Road,West,PVC,33.32,63.41,150.44,1524.01,34.56,3,121.14,271.09,100.0,49.58,1,82.79,0,12.34
ASSET-0761,Drainage,East,Asphalt,1.0,26.56,115.45,1208.47,30.45,4,165.68,98.56,82.27,54.89,3,94.24,1,29.82
ASSET-0762,Electrical Pole,Central,Steel,20.44,60.48,49.3,881.15,23.26,6,71.12,259.63,71.97,31.46,1,50.96,1,20.93
ASSET-0763,Streetlight,Industrial,Steel,13.71,20.9,87.56,912.02,20.36,4,172.69,203.22,89.92,46.51,1,49.67,1,23.83
ASSET-0764,Bridge,West,PVC,21.13,66.48,136.94,1914.7,20.13,3,173.68,286.8,88.9,33.72,0,40.02,1,20.99
ASSET-0765,Electrical Pole,Industrial,Asphalt,20.73,61.84,62.04,1226.74,30.68,1,208.4,142.25,94.64,24.33,0,49.75,0,23.49
ASSET-0766,Bridge,East,Asphalt,17.05,47.23,88.52,1400.38,23.46,3,0.0,219.17,70.39,67.21,0,25.45,1,17.29
ASSET-0767,Drainage,East,Concrete,24.18,61.93,64.75,282.15,38.84,6,0.0,134.18,100.0,25.48,0,52.91,0,25.98
ASSET-0768,Bridge,Central,Copper,6.79,20.9,126.58,200.0,27.23,5,3.9,87.57,93.84,45.66,0,79.64,1,32.93
ASSET-0769,Streetlight,North,Composite,30.07,60.38,68.0,951.93,27.58,3,195.12,27.02,45.1,38.62,0,46.71,1,5.44
ASSET-0770,Electrical Pole,South,Asphalt,1.0,55.39,93.42,1592.09,25.62,3,214.16,48.75,81.66,1.58,0,36.17,0,39.4
ASSET-0771,Electrical Pole,North,Asphalt,25.82,53.69,94.59,535.96,22.3,2,150.68,80.89,95.94,1.49,0,88.19,0,25.88
ASSET-0772,Bridge,Industrial,PVC,13.65,28.7,101.57,914.76,17.48,1,341.47,154.84,37.34,64.87,2,44.2,1,7.36
ASSET-0773,Electrical Pole,South,Composite,8.67,68.47,87.59,200.0,41.09,3,239.65,307.84,53.98,55.66,0,24.4,1,17.72
ASSET-0774,Drainage,North,Asphalt,13.75,62.95,81.12,1015.77,35.29,4,52.54,250.2,75.56,0.0,2,65.05,0,32.92
ASSET-0775,Drainage,Central,Asphalt,18.2,72.83,74.83,1401.9,10.9,4,276.24,80.51,58.32,20.8,1,38.87,0,18.07
ASSET-0776,Electrical Pole,West,Copper,22.21,71.94,111.03,200.0,33.96,5,186.41,217.28,75.96,55.65,4,40.85,1,13.27
ASSET-0777,Pipeline,Industrial,Copper,28.78,53.28,91.11,278.08,22.44,2,82.89,70.18,63.92,26.88,1,28.93,1,14.33
ASSET-0778,Road,North,Steel,3.54,62.24,71.08,1844.72,27.03,5,232.86,149.03,61.66,52.43,2,54.63,0,23.48
ASSET-0779,Pipeline,South,Composite,31.91,50.76,95.98,1212.73,16.59,4,231.74,224.5,72.56,31.76,1,71.5,0,9.74
ASSET-0780,Streetlight,Industrial,Composite,24.09,48.36,104.74,1487.96,15.94,4,0.0,228.25,83.89,49.95,0,63.56,0,18.25
ASSET-0781,Pipeline,West,Concrete,32.24,83.28,94.12,1283.59,35.0,0,94.15,313.56,89.55,42.39,0,57.1,1,13.19
ASSET-0782,Pipeline,South,Copper,12.1,61.62,70.72,584.57,6.42,6,88.02,195.71,71.96,13.65,0,39.9,0,29.99
ASSET-0783,Streetlight,Central,Composite,10.77,62.33,71.13,2247.89,34.24,5,110.43,331.43,68.08,34.37,1,70.63,0,25.63
ASSET-0784,Drainage,East,Asphalt,24.37,45.5,79.01,1583.94,31.44,3,0.0,159.27,83.22,71.11,0,50.32,1,13.7
ASSET-0785,Electrical Pole,Central,Composite,14.11,82.12,93.95,655.6,30.03,3,22.05,90.72,100.0,42.68,1,53.5,0,29.15
ASSET-0786,Pipeline,North,Asphalt,20.92,60.6,103.77,1268.91,32.82,4,41.76,118.76,36.38,75.54,2,43.06,1,5.96
ASSET-0787,Drainage,North,Concrete,15.18,42.26,141.28,348.07,26.03,3,186.15,169.6,40.35,29.98,0,59.43,0,16.92
ASSET-0788,Electrical Pole,South,PVC,32.34,20.21,70.99,868.38,21.57,5,106.12,221.58,60.74,39.6,2,44.82,1,8.25
ASSET-0789,Drainage,South,Copper,25.81,56.05,126.36,1079.15,28.43,3,112.3,205.89,81.66,10.01,3,24.53,1,22.38
ASSET-0790,Drainage,North,Asphalt,11.15,53.11,107.37,2145.7,8.28,2,0.0,183.16,76.89,66.82,1,76.79,0,22.67
ASSET-0791,Drainage,East,Concrete,23.84,46.3,52.73,1365.0,11.57,6,107.04,299.52,63.36,40.38,1,57.19,1,14.5
ASSET-0792,Electrical Pole,North,Concrete,13.67,62.85,67.22,474.34,36.19,5,125.27,346.51,67.18,61.45,1,39.55,0,17.73
ASSET-0793,Electrical Pole,North,Composite,36.48,74.81,91.37,1636.3,21.37,5,0.0,78.02,89.63,30.01,1,33.76,0,14.6
ASSET-0794,Electrical Pole,South,Copper,36.48,78.81,88.98,957.18,34.27,7,196.3,397.18,55.4,18.61,0,65.95,1,6.79
ASSET-0795,Bridge,East,Copper,19.76,51.96,119.28,1939.4,11.27,2,185.61,133.23,57.63,55.37,0,52.57,1,11.76
ASSET-0796,Drainage,South,Asphalt,21.29,43.52,118.49,858.67,37.68,3,173.7,254.6,60.7,0.0,2,59.3,0,22.55
ASSET-0797,Bridge,Industrial,Composite,23.56,50.47,82.09,2405.08,11.75,5,74.03,146.42,66.29,18.93,2,83.03,1,20.17
ASSET-0798,Road,Industrial,Copper,22.7,57.07,65.41,1510.1,44.41,3,89.92,123.89,63.19,0.0,2,42.78,0,23.69
ASSET-0799,Drainage,Central,Asphalt,1.9,70.06,62.54,996.8,38.2,1,0.0,206.93,92.69,3.51,2,68.46,1,44.65
ASSET-0800,Electrical Pole,South,,1.0,70.97,121.3,1012.93,36.27,6,,134.86,,34.25,2,52.16,1,29.69
ASSET-0801,Electrical Pole,North,Copper,1.0,80.37,100.71,972.23,32.71,7,0.0,223.43,46.32,44.98,1,69.44,1,28.64
ASSET-0802,Streetlight,South,PVC,13.01,17.54,81.49,1444.11,34.14,1,202.16,115.21,78.52,24.8,1,74.05,0,26.02
ASSET-0803,Drainage,North,PVC,5.73,41.4,100.55,2640.95,17.23,8,280.35,170.27,66.63,21.16,1,32.68,0,28.14
ASSET-0804,Drainage,Central,Composite,17.24,84.94,76.67,1055.57,9.69,4,141.16,186.37,68.1,29.14,2,57.48,1,21.54
ASSET-0805,Drainage,Central,Asphalt,21.15,59.3,128.7,1606.2,26.74,7,153.62,310.5,82.92,0.0,3,60.43,1,27.05
ASSET-0806,Pipeline,East,Asphalt,17.48,60.63,84.65,1336.22,19.67,6,110.91,141.74,55.35,40.38,1,64.99,1,17.43
ASSET-0807,Electrical Pole,Industrial,PVC,7.73,22.98,113.77,2090.79,15.76,7,142.71,179.29,64.84,7.31,2,44.04,0,31.94
ASSET-0808,Streetlight,North,Composite,10.2,74.84,38.51,285.84,24.84,4,158.78,149.82,100.0,30.44,1,43.65,1,31.6
ASSET-0809,Road,South,PVC,19.24,67.3,131.11,306.43,22.79,4,166.96,180.65,81.76,18.82,3,75.87,1,24.15
ASSET-0810,Pipeline,Industrial,Steel,4.55,33.5,63.59,1606.78,13.44,3,156.38,173.38,76.66,13.68,2,46.96,1,34.75
ASSET-0811,Drainage,Central,Steel,14.75,59.75,98.09,1214.39,18.24,3,120.17,42.49,63.67,42.75,0,78.82,0,20.18
ASSET-0812,Drainage,South,Asphalt,30.7,30.1,135.73,1113.85,28.77,3,193.84,220.61,57.35,11.7,0,61.38,0,12.62
ASSET-0813,Electrical Pole,Industrial,Steel,23.72,68.02,91.46,505.8,18.86,6,81.23,194.34,52.64,41.73,0,76.84,1,12.9
ASSET-0814,Drainage,East,Steel,25.74,45.09,91.2,869.33,12.23,2,135.86,212.53,74.67,28.97,2,59.14,1,16.91
ASSET-0815,Drainage,Central,Concrete,25.03,19.52,20.0,1370.27,12.18,3,95.83,338.74,79.2,38.32,2,64.63,0,17.15
ASSET-0816,Road,West,Steel,13.42,76.43,61.71,1393.95,11.07,4,135.44,347.65,43.83,22.98,2,64.04,1,21.19
ASSET-0817,Drainage,Central,Copper,19.8,35.88,77.28,1947.02,24.54,4,110.78,61.69,88.81,45.06,4,39.72,1,20.9
ASSET-0818,Drainage,Industrial,Asphalt,26.23,28.77,99.72,1785.9,6.35,3,74.94,109.8,78.93,57.41,1,61.7,1,12.87
ASSET-0819,Drainage,West,Steel,19.14,55.04,62.32,1865.07,27.66,4,55.48,134.08,68.83,4.32,0,47.19,1,27.02
ASSET-0820,Road,South,PVC,23.23,41.94,64.44,711.19,20.9,3,293.24,285.46,90.45,58.37,0,36.0,1,12.48
ASSET-0821,Bridge,Central,PVC,6.93,81.69,78.58,449.19,21.12,3,141.47,205.1,57.09,48.71,0,55.19,1,22.85
ASSET-0822,Drainage,Central,Composite,24.87,42.16,77.92,1555.0,17.28,3,164.46,385.41,82.9,44.45,2,38.68,0,15.33
ASSET-0823,Drainage,Central,Copper,19.16,54.4,104.65,1269.9,28.42,3,124.69,57.22,66.24,62.82,1,57.62,1,13.45
ASSET-0824,Road,East,Copper,36.96,27.78,61.72,2227.63,25.41,3,24.06,224.77,81.8,13.11,1,51.96,0,15.75
ASSET-0825,Pipeline,Central,Concrete,20.56,32.61,132.56,1749.49,21.73,3,109.09,102.17,64.02,29.59,3,75.04,0,19.03
ASSET-0826,Drainage,Central,Steel,27.35,62.4,61.48,1175.11,33.73,1,170.92,412.26,91.11,63.28,1,75.42,0,11.18
ASSET-0827,Road,Industrial,Composite,10.82,70.92,114.63,1373.95,36.84,2,105.04,189.55,53.47,39.54,0,76.85,0,22.04
ASSET-0828,Pipeline,North,Asphalt,18.47,44.58,69.97,1059.25,31.19,5,63.56,95.4,83.82,20.55,1,60.23,1,26.78
ASSET-0829,Road,West,Concrete,21.12,72.17,57.11,200.0,19.89,7,281.77,363.12,68.53,0.0,0,46.95,0,21.92
ASSET-0830,Bridge,South,Composite,16.02,81.01,121.03,1336.44,16.99,2,140.33,249.71,79.05,14.31,2,65.67,1,27.35
ASSET-0831,Pipeline,Industrial,Copper,7.29,39.31,115.65,1059.3,39.3,5,81.07,178.98,73.14,20.43,0,70.63,0,32.35
ASSET-0832,Bridge,Central,Steel,26.45,67.08,140.46,874.94,40.07,2,38.99,4.0,63.98,24.93,2,62.39,0,17.24
ASSET-0833,Bridge,North,Copper,6.07,47.15,83.86,200.0,16.17,2,234.69,199.15,83.92,5.03,3,81.42,1,35.16
ASSET-0834,Pipeline,Central,Copper,1.0,40.89,109.87,1586.63,18.89,3,72.21,191.04,93.55,19.58,3,43.93,1,40.78
ASSET-0835,Electrical Pole,East,PVC,9.52,71.37,122.66,1710.85,13.16,3,185.84,184.15,52.67,44.17,0,90.3,0,20.27
ASSET-0836,Streetlight,Industrial,Concrete,33.45,67.08,135.83,1238.87,31.89,6,139.64,154.48,41.32,33.34,2,75.02,1,4.56
ASSET-0837,Drainage,North,PVC,23.04,44.17,35.7,902.87,22.26,3,169.48,378.57,74.22,30.67,1,60.24,0,17.71
ASSET-0838,Bridge,Industrial,Steel,9.72,57.4,108.52,1325.81,29.12,4,0.0,243.69,59.92,13.08,0,65.8,1,31.37
ASSET-0839,Electrical Pole,East,Steel,15.77,21.36,109.34,336.24,26.26,4,190.85,358.17,47.44,33.95,1,65.81,0,16.89
ASSET-0840,Electrical Pole,West,Asphalt,20.16,47.95,81.77,530.13,33.89,4,193.42,148.96,60.18,13.43,2,39.28,1,20.17
ASSET-0841,Electrical Pole,East,Composite,36.49,28.85,103.21,2140.11,30.39,4,42.52,41.82,85.86,65.12,0,37.5,1,6.04
ASSET-0842,Drainage,North,Composite,1.0,35.38,91.59,2159.47,31.06,4,87.99,121.68,97.3,39.01,0,45.88,0,37.25
ASSET-0843,Road,West,Copper,9.42,44.07,111.89,1135.53,24.31,6,64.28,366.42,59.92,36.78,1,60.22,0,25.55
ASSET-0844,Electrical Pole,East,Asphalt,22.45,63.68,72.41,526.25,45.0,3,175.94,19.24,66.97,32.46,2,10.0,0,16.33
ASSET-0845,Pipeline,Central,Concrete,19.66,32.01,104.73,578.2,17.3,3,35.81,132.45,50.52,0.0,3,34.67,0,24.62
ASSET-0846,Electrical Pole,North,Composite,16.21,70.06,76.55,704.9,27.04,6,26.45,164.99,40.82,27.14,1,42.62,0,20.04
ASSET-0847,Electrical Pole,Industrial,Composite,13.43,26.84,97.31,1833.42,15.13,2,160.2,301.21,45.12,31.62,1,56.16,1,19.19
ASSET-0848,Road,Central,Asphalt,1.0,65.02,140.58,1270.0,15.72,2,261.59,271.0,83.52,42.13,0,54.39,1,30.68
ASSET-0849,Drainage,South,Asphalt,17.22,65.99,140.27,1871.0,12.23,4,178.94,241.89,60.67,93.28,0,38.5,1,6.63
ASSET-0850,Pipeline,East,Copper,20.34,95.0,69.91,1040.5,34.7,3,,236.56,76.91,55.61,3,63.53,1,16.62
ASSET-0851,Streetlight,West,PVC,20.92,59.28,109.67,1233.1,24.99,6,241.29,29.24,72.18,21.23,1,65.25,0,19.28
ASSET-0852,Road,North,Concrete,24.69,52.76,37.6,620.97,33.07,0,214.99,232.12,95.69,31.03,0,65.75,0,19.44
ASSET-0853,Drainage,North,Concrete,30.75,73.49,75.12,1252.06,20.2,2,196.43,60.25,55.91,12.92,0,60.64,0,12.03
ASSET-0854,Bridge,West,Asphalt,29.62,51.3,49.83,1703.97,40.17,2,81.72,231.57,100.0,24.6,0,69.37,1,20.71
ASSET-0855,Drainage,South,Composite,25.99,55.12,78.26,1796.63,29.75,2,123.93,44.83,84.35,29.76,0,57.41,0,18.56
ASSET-0856,Electrical Pole,East,Steel,18.4,72.9,112.73,1106.15,31.87,4,85.87,167.53,69.33,45.11,0,50.97,0,18.86
ASSET-0857,Pipeline,North,Composite,37.69,73.79,72.18,1542.56,26.07,4,130.99,298.96,78.22,33.76,3,62.2,1,8.32
ASSET-0858,Road,East,Composite,19.21,61.28,92.19,1205.54,19.72,2,40.11,40.8,56.17,31.51,1,53.12,0,19.56
ASSET-0859,Bridge,North,Asphalt,1.0,86.49,127.59,1467.46,42.17,2,271.01,83.48,76.3,9.52,1,64.95,0,35.71
ASSET-0860,Electrical Pole,Industrial,Steel,16.45,69.28,97.97,886.55,19.9,5,67.7,271.54,94.01,1.63,3,95.09,1,33.73
ASSET-0861,Road,Industrial,Concrete,20.52,66.98,126.11,1034.71,26.64,1,131.09,229.81,81.29,56.31,0,48.41,1,16.38
ASSET-0862,Drainage,North,Steel,36.96,51.99,101.0,1159.79,17.6,7,77.78,67.27,63.89,0.0,0,40.57,0,14.07
ASSET-0863,Streetlight,Industrial,Asphalt,24.17,41.53,121.63,2039.09,32.03,3,131.29,27.5,69.59,17.79,2,100.0,1,19.42
ASSET-0864,Electrical Pole,East,Concrete,23.0,15.18,84.16,1273.49,25.79,2,139.62,55.75,54.99,47.92,0,67.69,0,11.42
ASSET-0865,Drainage,Industrial,Steel,4.31,90.3,71.77,1065.8,27.98,2,131.47,237.54,89.29,50.83,1,55.36,1,30.26
ASSET-0866,Bridge,West,Concrete,41.49,74.0,67.35,1259.99,21.98,3,21.64,138.81,100.0,46.58,0,79.9,0,9.21
ASSET-0867,Road,North,PVC,28.9,47.81,116.52,684.36,20.77,6,98.26,0.0,70.86,33.43,3,58.26,1,13.87
ASSET-0868,Pipeline,South,Asphalt,13.78,75.9,98.62,749.99,35.39,4,120.23,197.79,52.73,24.45,1,54.5,0,22.55
ASSET-0869,Bridge,Industrial,Composite,30.72,59.35,120.65,1205.64,34.51,4,121.07,178.67,54.82,45.14,1,48.96,1,6.91
ASSET-0870,Streetlight,Central,Concrete,29.06,30.0,82.33,1816.63,27.84,3,140.08,197.94,44.7,28.01,3,46.13,1,9.3
ASSET-0871,Bridge,West,PVC,14.82,44.17,92.39,850.13,29.38,4,181.88,74.91,65.87,30.49,2,43.72,0,21.75
ASSET-0872,Electrical Pole,Industrial,Steel,27.16,78.73,65.33,905.48,20.21,9,85.61,347.76,49.2,15.21,0,42.78,0,15.09
ASSET-0873,Streetlight,Industrial,Asphalt,15.32,40.82,70.42,1895.08,36.01,5,161.92,189.27,63.05,15.94,2,36.87,0,24.2
ASSET-0874,Road,North,Steel,8.06,78.06,152.02,1435.98,34.96,3,12.99,241.22,82.25,36.43,1,75.32,0,31.62
ASSET-0875,Streetlight,Industrial,Asphalt,8.14,39.52,64.76,1250.98,15.21,2,63.54,153.94,45.23,36.74,3,60.44,1,23.82
ASSET-0876,Drainage,East,Steel,33.41,81.68,118.33,1244.81,25.2,5,88.67,0.0,80.86,12.38,0,58.0,1,16.92
ASSET-0877,Electrical Pole,North,Steel,17.05,26.76,99.96,1779.68,14.84,6,0.0,391.73,64.6,37.91,0,56.88,0,22.11
ASSET-0878,Streetlight,Industrial,Copper,20.28,53.28,78.11,632.06,35.17,4,243.26,127.35,64.17,51.31,0,36.16,1,12.23
ASSET-0879,Electrical Pole,North,Composite,28.97,31.56,40.43,2321.12,12.46,4,125.53,0.0,67.19,43.97,2,74.26,0,10.51
ASSET-0880,Bridge,Central,Copper,14.13,69.25,74.32,353.72,13.32,1,200.77,28.54,76.93,29.68,1,82.54,0,24.01
ASSET-0881,Electrical Pole,West,PVC,13.62,67.23,96.13,1108.79,45.0,1,223.13,245.64,63.37,67.59,0,48.61,0,13.89
ASSET-0882,Bridge,West,Asphalt,5.92,63.24,61.61,1459.84,23.32,3,151.09,153.14,52.4,91.03,0,18.08,1,14.06
ASSET-0883,Drainage,Industrial,Copper,9.58,29.65,119.78,1392.99,28.59,3,97.65,142.91,70.54,51.71,2,67.0,1,23.7
ASSET-0884,Road,East,PVC,23.0,72.69,103.64,1415.31,35.7,2,51.54,61.41,75.29,0.0,2,56.03,1,26.42
ASSET-0885,Streetlight,West,PVC,29.35,41.56,88.9,1873.32,37.45,2,134.54,209.44,78.73,29.75,3,23.99,1,14.99
ASSET-0886,Bridge,West,Concrete,13.79,63.96,108.72,2011.66,35.78,3,223.99,108.6,88.76,71.21,3,59.9,1,17.6
ASSET-0887,Road,North,PVC,14.68,24.43,104.32,530.87,17.86,1,83.17,177.2,76.93,22.99,3,54.25,1,27.31
ASSET-0888,Road,West,Copper,10.12,59.53,153.91,1401.1,21.73,0,102.45,203.49,65.02,1.69,0,84.18,0,32.23
ASSET-0889,Electrical Pole,Central,Asphalt,32.34,37.27,115.18,492.86,37.64,4,195.97,8.49,84.2,34.85,2,74.47,1,11.63
ASSET-0890,Drainage,North,Composite,18.66,42.98,118.39,1163.91,17.14,2,1.83,128.97,91.85,38.56,0,72.49,0,25.72
ASSET-0891,Streetlight,South,PVC,9.68,56.91,89.61,1667.48,10.8,2,0.0,154.04,93.81,24.89,0,73.69,1,35.13
ASSET-0892,Road,Central,Steel,28.69,53.23,115.54,553.83,37.4,8,161.7,0.0,61.95,47.26,0,80.9,0,8.38
ASSET-0893,Bridge,Central,PVC,23.88,40.87,95.97,663.7,23.36,2,213.98,391.6,46.24,0.0,1,30.67,1,17.33
ASSET-0894,Electrical Pole,Industrial,Composite,18.46,69.98,139.82,1320.84,23.26,0,122.09,187.13,83.5,20.83,0,31.4,0,25.5
ASSET-0895,Pipeline,Industrial,Asphalt,1.0,32.83,47.89,1402.03,20.34,2,41.25,0.0,99.15,14.99,0,31.81,0,43.32
ASSET-0896,Bridge,North,Steel,27.72,57.87,70.21,964.66,40.1,3,105.46,85.86,37.9,31.8,1,77.79,1,8.95
ASSET-0897,Drainage,North,Asphalt,1.0,32.5,77.58,1197.91,23.69,3,152.65,89.67,88.81,43.67,1,86.82,0,33.5
ASSET-0898,Road,East,Composite,33.56,73.66,20.0,2147.37,32.15,8,219.0,337.83,87.82,61.97,4,61.9,1,5.54
ASSET-0899,Electrical Pole,South,Concrete,2.28,48.85,106.7,1244.93,13.78,0,60.71,260.77,100.0,53.33,3,56.55,1,34.52
ASSET-0900,Bridge,,Concrete,1.0,45.9,87.24,901.77,25.49,4,,152.19,,25.34,0,80.01,1,27.26
ASSET-0901,Pipeline,Central,Copper,12.32,65.25,103.7,1226.34,33.37,2,73.99,178.81,60.48,45.16,0,62.07,0,21.75
ASSET-0902,Electrical Pole,East,Steel,17.0,59.3,81.21,996.55,25.86,4,119.66,350.54,54.17,33.72,0,64.7,1,18.71
ASSET-0903,Electrical Pole,East,Composite,6.85,49.43,83.84,1368.53,20.02,2,234.87,208.46,61.9,29.98,3,53.77,0,25.65
ASSET-0904,Road,East,Asphalt,11.11,41.3,78.53,843.3,13.48,1,53.65,239.16,65.14,30.86,3,81.31,1,26.7
ASSET-0905,Road,East,Composite,15.18,42.38,69.07,1615.67,23.16,3,54.91,103.03,77.76,8.69,2,48.39,0,30.53
ASSET-0906,Electrical Pole,North,Asphalt,16.5,28.26,94.63,1003.01,24.55,6,134.22,100.53,59.2,46.9,3,63.07,1,17.04
ASSET-0907,Pipeline,North,Asphalt,24.89,67.19,137.57,200.0,31.0,5,12.9,91.43,56.69,20.42,0,62.37,0,18.44
ASSET-0908,Bridge,East,Steel,26.66,76.63,69.87,693.18,36.84,5,126.63,227.33,71.46,45.49,0,62.84,1,12.57
ASSET-0909,Road,Central,Composite,2.89,41.24,74.69,975.37,16.66,2,0.0,234.87,70.51,0.9,0,64.06,0,40.49
ASSET-0910,Bridge,Industrial,Copper,12.57,41.06,92.76,1406.16,12.07,5,55.98,178.21,71.36,24.46,0,52.86,1,28.03
ASSET-0911,Road,South,Concrete,34.25,27.77,145.77,1044.17,25.32,1,58.3,129.71,53.18,30.82,0,91.31,0,8.27
ASSET-0912,Drainage,South,Steel,6.34,57.05,102.44,557.81,31.18,3,0.0,245.98,51.9,14.04,2,51.75,0,32.1
ASSET-0913,Road,Central,Composite,27.18,79.2,75.65,1675.96,18.2,8,64.56,282.61,87.19,41.32,0,55.27,0,17.11
ASSET-0914,Drainage,South,PVC,1.0,59.49,105.49,1280.1,-1.76,1,60.15,209.17,77.21,31.6,2,39.53,1,35.67
ASSET-0915,Electrical Pole,East,PVC,24.1,64.49,106.33,1090.78,41.48,4,42.53,204.83,85.54,23.24,3,64.88,0,23.03
ASSET-0916,Streetlight,East,Concrete,1.0,60.99,82.82,1522.31,33.5,4,253.22,162.13,83.25,51.1,1,72.02,0,29.0
ASSET-0917,Road,South,Steel,12.05,46.55,55.63,1344.85,27.93,6,183.29,151.52,50.79,43.66,3,71.59,0,18.31
ASSET-0918,Road,West,Concrete,28.84,50.76,81.0,757.86,24.5,3,136.53,167.07,69.59,19.47,2,59.38,0,15.71
ASSET-0919,Pipeline,East,PVC,16.26,40.05,55.04,1984.78,29.99,0,181.05,272.25,74.24,66.96,1,32.5,1,14.97
ASSET-0920,Drainage,North,PVC,21.65,59.9,76.9,1544.14,9.99,5,49.75,81.51,69.95,43.66,1,44.63,1,17.71
ASSET-0921,Streetlight,East,Composite,12.94,32.34,88.26,1845.01,24.96,5,236.43,121.2,68.64,78.42,3,27.9,1,12.88
ASSET-0922,Drainage,East,Copper,21.87,55.01,119.79,753.01,17.44,2,74.25,261.53,50.74,22.55,0,76.13,0,17.83
ASSET-0923,Bridge,Industrial,Copper,30.71,48.46,86.06,1471.93,38.27,4,64.2,18.12,51.93,36.46,0,61.51,0,9.27
ASSET-0924,Bridge,South,Concrete,12.47,33.84,59.69,2137.41,33.0,7,163.2,137.0,95.82,34.34,1,57.23,0,28.39
ASSET-0925,Road,South,Copper,1.0,87.09,109.73,1397.89,24.44,4,72.22,241.66,48.47,38.72,2,54.42,1,28.84
ASSET-0926,Electrical Pole,North,PVC,21.71,35.17,66.03,1342.03,31.11,0,161.76,125.68,68.53,8.21,0,75.39,1,22.26
ASSET-0927,Electrical Pole,West,Composite,18.33,47.34,91.51,1493.53,28.96,3,207.44,277.05,79.44,36.09,2,63.66,0,20.1
ASSET-0928,Road,South,Copper,28.61,72.99,64.45,548.42,18.69,5,0.0,219.48,78.53,58.25,1,33.82,0,12.46
ASSET-0929,Drainage,West,Concrete,8.41,31.36,78.86,1090.26,14.51,6,13.98,314.61,93.33,52.97,0,64.16,0,30.04
ASSET-0930,Bridge,Industrial,PVC,5.23,73.22,92.78,954.41,13.99,0,36.92,291.28,64.75,31.61,2,90.5,1,30.93
ASSET-0931,Bridge,Central,Asphalt,31.25,35.55,36.72,2615.77,45.0,4,18.36,276.32,70.06,32.74,2,64.02,1,13.82
ASSET-0932,Pipeline,West,Composite,6.14,48.51,114.83,1506.15,27.36,5,91.06,197.87,20.0,26.01,2,50.97,1,22.28
ASSET-0933,Road,Central,Steel,13.34,34.17,125.1,1529.08,32.43,0,107.16,151.99,66.95,22.68,0,73.29,0,26.03
ASSET-0934,Drainage,North,Copper,1.0,90.55,109.52,1174.6,33.16,1,66.82,167.89,96.58,34.07,2,47.39,0,38.53
ASSET-0935,Drainage,Industrial,Steel,22.87,88.54,124.87,1151.13,31.08,5,160.53,291.2,91.88,32.46,2,51.1,1,20.83
ASSET-0936,Pipeline,East,Asphalt,8.77,49.61,92.71,203.05,32.74,0,337.19,330.19,67.3,35.19,1,47.4,0,22.19
ASSET-0937,Electrical Pole,East,PVC,19.93,52.12,92.17,1308.88,13.18,4,133.08,192.88,68.12,57.76,0,62.09,1,14.1
ASSET-0938,Bridge,North,Steel,30.97,53.41,101.43,1142.17,36.14,3,222.67,169.64,56.53,48.59,1,69.17,1,4.32
ASSET-0939,Streetlight,North,Steel,1.0,55.1,81.21,562.04,20.02,2,116.16,43.27,77.69,62.32,1,72.56,1,28.5
ASSET-0940,Drainage,West,PVC,28.95,79.73,151.1,900.48,18.53,5,176.66,257.57,100.0,35.23,2,40.35,1,17.16
ASSET-0941,Streetlight,East,Steel,39.35,48.27,85.75,991.95,19.2,2,78.1,43.42,57.86,73.98,2,74.67,1,1.0
ASSET-0942,Drainage,East,Concrete,29.77,91.68,41.86,462.07,17.77,3,95.95,135.3,75.95,35.71,0,18.84,1,13.77
ASSET-0943,Electrical Pole,East,Composite,8.07,44.02,87.59,522.2,20.58,1,109.93,72.69,56.72,8.83,1,42.4,0,30.6
ASSET-0944,Road,South,PVC,27.07,63.12,92.9,721.51,28.42,5,131.42,340.37,80.27,53.27,1,70.16,1,12.22
ASSET-0945,Electrical Pole,South,PVC,10.03,45.83,105.48,1405.26,29.57,6,6.0,82.55,76.13,20.51,6,67.28,1,32.46
ASSET-0946,Road,Industrial,PVC,17.22,44.69,80.6,1218.08,26.01,3,98.15,314.43,96.92,40.04,0,67.69,1,25.42
ASSET-0947,Bridge,North,Asphalt,33.54,82.4,117.03,2053.45,25.48,5,65.54,209.23,95.93,23.21,0,59.75,0,17.84
ASSET-0948,Streetlight,Industrial,Copper,15.73,67.98,81.4,2231.06,13.39,6,58.81,0.4,76.28,29.91,0,27.74,1,25.56
ASSET-0949,Drainage,North,Steel,17.92,74.52,112.55,1234.02,29.31,3,5.62,37.91,68.34,31.79,2,71.63,1,23.29
ASSET-0950,Road,South,Steel,24.05,49.39,53.58,1447.24,29.73,0,,110.89,74.13,18.93,1,54.21,1,21.66
ASSET-0951,Drainage,East,Composite,16.41,40.67,75.83,551.84,28.42,5,58.35,332.06,66.34,65.6,0,21.52,0,16.17
ASSET-0952,Electrical Pole,North,Copper,22.02,59.97,96.03,814.66,24.69,2,95.81,264.16,75.32,47.2,1,51.84,0,16.79
ASSET-0953,Road,North,Concrete,6.47,47.6,20.0,845.87,24.26,5,98.51,214.77,32.76,33.86,0,36.25,1,22.63
ASSET-0954,Electrical Pole,West,Steel,16.13,80.53,106.14,1210.94,24.82,2,76.48,222.74,47.06,46.86,0,72.86,1,16.28
ASSET-0955,Pipeline,North,Concrete,27.61,21.54,77.55,686.68,8.69,1,315.3,240.95,100.0,51.58,0,51.13,0,12.05
ASSET-0956,Road,South,Copper,23.88,63.75,77.68,294.0,45.0,3,93.94,191.33,67.63,37.45,3,55.76,1,16.09
ASSET-0957,Electrical Pole,West,Asphalt,6.37,51.77,81.07,2054.34,35.54,4,17.7,57.41,72.27,41.73,0,49.36,1,29.85
ASSET-0958,Electrical Pole,West,Steel,12.07,54.53,23.52,539.2,19.36,6,54.89,198.05,76.08,60.96,3,56.96,1,21.96
ASSET-0959,Bridge,East,PVC,13.25,41.72,87.77,939.58,29.98,4,167.34,305.93,100.0,37.49,3,51.67,1,27.88
ASSET-0960,Bridge,North,Copper,29.85,76.23,125.25,1256.44,18.98,1,116.8,333.3,66.42,50.7,2,52.89,1,8.58
ASSET-0961,Bridge,Industrial,PVC,31.16,10.0,58.32,650.62,17.62,4,143.2,219.4,82.73,16.0,0,65.13,1,17.02
ASSET-0962,Streetlight,West,Concrete,11.7,23.59,124.14,2037.06,39.01,4,170.07,316.99,60.45,57.21,1,74.45,1,17.85
ASSET-0963,Drainage,South,Asphalt,19.86,80.93,101.71,309.61,38.07,2,220.24,170.98,93.17,57.7,2,67.15,1,16.92
ASSET-0964,Streetlight,South,Composite,22.23,14.72,98.55,530.36,26.54,1,25.2,340.49,91.25,34.92,1,53.54,0,23.38
ASSET-0965,Streetlight,North,Asphalt,23.7,41.48,124.81,1048.15,21.22,4,72.71,212.87,62.33,44.37,3,45.05,0,14.3
ASSET-0966,Pipeline,West,Copper,16.69,64.23,81.92,1478.59,30.0,6,71.52,85.72,66.46,15.64,2,37.09,0,25.72
ASSET-0967,Pipeline,Central,Copper,41.33,80.92,95.38,1720.44,10.27,9,72.78,167.95,38.59,44.73,0,59.83,1,1.0
ASSET-0968,Pipeline,South,Concrete,12.56,33.45,70.87,1335.47,13.47,2,173.06,440.25,80.6,16.65,0,58.57,1,28.92
ASSET-0969,Bridge,North,PVC,14.51,73.06,101.52,1744.71,22.17,6,106.68,82.88,100.0,0.0,0,46.71,1,35.71
ASSET-0970,Drainage,Central,PVC,43.08,91.14,139.82,1001.6,45.0,4,198.18,197.97,71.11,29.96,1,68.95,0,2.69
ASSET-0971,Bridge,South,Concrete,21.67,54.37,140.29,200.0,29.59,5,211.76,173.51,75.74,54.72,3,52.59,1,13.28
ASSET-0972,Bridge,East,Copper,20.67,88.57,31.28,785.99,38.19,6,161.8,135.14,56.13,23.18,3,46.69,1,17.76
ASSET-0973,Electrical Pole,North,Steel,19.01,39.93,120.28,876.76,24.12,0,0.0,180.77,48.15,77.1,0,43.6,0,9.94
ASSET-0974,Drainage,East,Steel,18.17,47.7,61.88,625.24,16.08,3,276.15,187.79,93.29,45.14,3,10.0,1,19.52
ASSET-0975,Streetlight,East,Composite,14.96,81.14,77.85,2257.48,38.36,3,79.75,78.64,60.67,10.35,2,31.79,0,26.78
ASSET-0976,Streetlight,North,Composite,24.04,67.56,45.16,2129.89,29.62,5,59.31,242.24,92.28,33.03,4,58.79,1,21.99
ASSET-0977,Streetlight,Central,Steel,29.41,60.86,112.57,200.0,28.34,2,52.29,354.41,68.15,14.93,0,34.59,0,17.65
ASSET-0978,Bridge,West,Copper,32.34,41.09,110.88,2013.66,20.5,5,37.59,424.58,88.85,31.15,0,55.95,1,16.37
ASSET-0979,Drainage,North,Concrete,14.6,94.06,58.23,1280.88,24.83,3,111.31,168.39,87.72,47.18,2,10.0,1,23.91
ASSET-0980,Streetlight,South,Concrete,21.0,21.89,114.39,2084.7,16.66,3,72.05,303.54,73.71,69.57,2,62.36,1,13.21
ASSET-0981,Road,East,Copper,18.68,71.36,42.87,1251.21,24.37,5,104.98,76.13,72.13,13.34,0,71.09,1,25.14
ASSET-0982,Bridge,East,Composite,23.79,64.34,134.09,800.98,12.12,3,92.2,95.77,70.56,22.77,0,50.06,1,19.65
ASSET-0983,Pipeline,North,Concrete,6.64,59.63,75.32,1866.98,39.43,5,0.0,330.52,100.0,35.38,3,48.07,1,36.28
ASSET-0984,Electrical Pole,South,Concrete,1.0,39.79,146.88,305.35,25.0,4,78.96,135.65,73.3,23.76,0,61.87,0,36.16
ASSET-0985,Pipeline,North,PVC,28.73,72.39,70.71,449.26,22.44,7,171.65,250.4,88.02,43.42,1,69.92,0,13.62
ASSET-0986,Electrical Pole,West,Copper,12.54,26.71,116.69,1942.64,14.94,5,254.46,179.78,57.28,37.46,0,46.9,1,18.95
ASSET-0987,Pipeline,East,Steel,22.33,22.93,51.68,1211.57,24.8,4,270.02,190.45,82.77,15.49,2,48.52,0,20.77
ASSET-0988,Electrical Pole,West,Composite,18.71,52.82,125.99,414.01,4.45,3,157.48,195.23,94.18,43.75,0,16.14,0,21.96
ASSET-0989,Electrical Pole,East,Steel,15.63,75.56,83.24,1216.99,28.79,1,169.86,343.71,68.89,12.42,1,17.96,0,25.58
ASSET-0990,Streetlight,Industrial,Copper,21.37,64.05,145.27,1083.6,28.68,2,91.49,27.48,68.49,28.89,1,46.78,0,19.76
ASSET-0991,Bridge,Industrial,Copper,18.83,48.33,85.06,1248.22,25.36,5,110.35,145.01,68.75,20.71,0,94.56,0,22.85
ASSET-0992,Drainage,East,Composite,8.87,49.43,83.38,1051.7,22.02,4,0.0,283.72,83.39,10.14,0,40.41,0,36.77
ASSET-0993,Bridge,South,Composite,15.57,95.0,111.3,200.0,18.79,3,140.29,48.53,69.57,20.65,0,62.67,1,24.69
ASSET-0994,Electrical Pole,Central,Asphalt,25.74,71.82,112.23,901.58,31.43,4,130.72,118.83,63.06,36.48,5,63.42,1,13.42
ASSET-0995,Streetlight,North,Steel,11.89,38.35,80.25,2506.38,21.41,5,89.93,206.12,86.25,23.56,0,87.86,0,30.69
ASSET-0996,Streetlight,South,Composite,27.85,70.81,118.62,1475.75,43.16,4,166.18,34.91,57.15,10.98,3,12.05,1,15.27
ASSET-0997,Drainage,South,PVC,13.98,10.0,70.06,905.43,37.46,4,53.35,286.6,72.32,35.75,0,40.18,0,25.01
ASSET-0998,Bridge,East,PVC,9.75,55.93,97.34,2126.46,28.47,0,141.01,35.0,54.61,18.76,0,33.25,1,26.43
ASSET-0999,Road,Industrial,Composite,20.03,26.78,105.7,2542.18,13.04,3,0.0,149.91,83.57,49.41,1,74.01,0,21.14
ASSET-1000,Pipeline,West,,63.46,89.25,79.32,329.34,21.34,2,,61.88,,51.76,1,40.97,1,1.0
ASSET-1001,Bridge,Industrial,Concrete,29.75,17.42,85.17,1175.0,25.14,4,168.84,176.46,65.37,26.85,0,72.18,1,12.19
ASSET-1002,Road,Industrial,Concrete,11.53,71.94,95.57,887.25,30.57,2,171.05,201.27,61.27,45.57,2,78.84,1,20.42
ASSET-1003,Drainage,Industrial,Asphalt,27.66,64.83,61.17,2669.15,12.37,5,154.5,62.59,69.76,33.42,3,45.16,0,13.42
ASSET-1004,Drainage,West,Asphalt,15.38,10.0,147.04,557.72,27.94,3,112.16,260.99,100.0,40.03,2,63.92,1,26.98
ASSET-1005,Drainage,North,Asphalt,28.18,45.74,127.26,1866.3,34.74,2,106.53,203.95,47.32,66.9,1,63.11,0,3.28
ASSET-1006,Streetlight,Industrial,Composite,12.23,28.46,76.88,1331.52,31.06,4,147.74,146.3,80.93,64.66,2,72.57,1,20.12
ASSET-1007,Drainage,North,Concrete,20.94,24.94,63.66,1472.93,24.9,4,254.11,252.6,94.66,36.89,0,56.96,0,19.92
ASSET-1008,Pipeline,East,Concrete,9.95,86.17,118.71,1512.31,36.12,0,167.05,48.94,71.87,28.77,2,62.11,1,26.88
ASSET-1009,Bridge,West,Steel,31.45,42.96,116.27,1297.33,10.28,2,108.01,291.23,80.35,11.65,1,94.32,0,17.96
ASSET-1010,Streetlight,North,PVC,19.11,48.45,109.75,1658.04,20.89,5,93.69,251.93,75.05,44.64,0,43.22,0,19.33
ASSET-1011,Streetlight,West,Composite,27.45,53.41,103.55,1016.16,33.09,2,109.15,258.6,93.11,24.52,4,63.64,1,20.46
ASSET-1012,Electrical Pole,South,Copper,7.57,62.38,83.51,1460.44,24.61,4,47.07,279.01,51.19,12.82,2,86.85,0,30.41
ASSET-1013,Bridge,North,Concrete,14.47,69.02,127.2,1688.81,22.2,1,0.0,153.72,93.21,12.52,2,40.9,1,34.14
ASSET-1014,Bridge,West,Composite,19.06,69.16,75.22,1302.29,21.26,5,138.83,185.65,100.0,48.25,0,56.45,0,22.23
ASSET-1015,Electrical Pole,Central,PVC,17.24,56.61,170.74,1422.51,6.68,2,0.0,147.02,36.23,17.57,0,64.91,0,20.94
ASSET-1016,Pipeline,South,Concrete,18.01,61.06,91.86,363.42,29.62,7,152.74,137.41,46.29,16.84,2,77.32,1,19.3
ASSET-1017,Streetlight,Central,Asphalt,20.61,71.0,116.23,1503.92,19.07,4,52.13,181.74,77.96,68.58,0,66.67,1,14.85
ASSET-1018,Pipeline,North,Asphalt,32.81,70.18,119.99,1552.62,36.69,1,9.13,179.37,33.1,59.61,3,50.2,1,1.0
ASSET-1019,Electrical Pole,Industrial,Copper,14.29,53.55,96.56,1276.3,30.02,3,195.46,224.59,61.07,61.7,0,56.34,1,14.74
ASSET-1020,Road,North,Steel,27.67,40.54,104.29,1526.0,17.26,3,107.48,124.83,100.0,19.74,3,50.93,1,22.53
ASSET-1021,Pipeline,North,Asphalt,7.13,57.06,114.47,1752.31,39.06,9,140.04,113.69,80.15,29.68,2,34.65,0,30.7
ASSET-1022,Pipeline,West,Asphalt,41.68,72.12,44.48,774.58,32.34,6,18.22,251.3,36.95,33.21,3,48.07,1,1.0
ASSET-1023,Electrical Pole,East,Concrete,2.93,57.92,76.86,1577.74,17.03,2,0.0,196.99,69.1,11.23,1,76.49,0,38.14
ASSET-1024,Drainage,South,PVC,15.84,60.36,103.2,477.4,43.51,3,172.49,256.92,69.49,47.14,1,32.48,0,18.54
ASSET-1025,Pipeline,South,Asphalt,14.68,42.75,81.15,417.6,35.14,7,198.24,307.05,65.8,22.27,0,69.59,1,23.15
ASSET-1026,Drainage,West,PVC,20.27,53.46,133.85,1442.96,17.45,2,174.56,284.17,81.93,72.94,3,65.94,1,12.48
ASSET-1027,Pipeline,Central,Concrete,9.61,28.8,83.38,1651.93,41.44,4,213.5,155.47,83.21,51.47,0,50.56,1,23.69
ASSET-1028,Electrical Pole,Industrial,Concrete,27.5,60.49,59.1,200.0,21.71,3,49.29,194.31,81.11,48.41,0,34.34,1,14.68
ASSET-1029,Pipeline,Central,Asphalt,14.95,66.44,109.68,1483.12,21.55,3,61.73,256.82,55.43,52.0,1,57.19,0,17.88
ASSET-1030,Streetlight,South,Copper,11.43,27.89,75.57,1002.0,3.68,3,193.95,236.72,63.07,35.94,0,60.68,1,22.28
ASSET-1031,Drainage,Central,Asphalt,33.4,74.37,110.62,904.27,31.75,0,99.81,238.37,85.33,48.4,1,54.48,0,10.3
ASSET-1032,Electrical Pole,West,Copper,23.38,35.94,69.66,1237.04,26.56,0,156.41,257.27,70.61,82.49,0,51.5,0,6.72
ASSET-1033,Drainage,East,Concrete,14.05,53.48,85.14,355.91,20.08,3,218.29,400.22,96.04,19.49,0,55.13,0,29.19
ASSET-1034,Electrical Pole,North,Copper,35.85,51.69,55.17,899.29,31.81,5,103.98,248.34,31.08,37.08,2,43.01,1,1.0
ASSET-1035,Streetlight,Central,Composite,9.64,17.67,142.7,767.91,27.17,5,240.97,164.61,62.29,38.46,3,54.94,0,21.95
ASSET-1036,Bridge,North,Asphalt,8.45,24.18,58.36,1718.63,22.11,2,62.72,188.5,67.69,29.54,3,85.68,1,29.11
ASSET-1037,Bridge,South,Steel,1.9,61.55,71.69,1051.05,27.78,3,138.44,247.3,77.3,22.06,0,32.09,1,35.4
ASSET-1038,Drainage,North,Composite,9.46,94.24,71.24,483.97,27.88,3,104.35,320.9,81.88,24.4,0,48.95,0,31.15
ASSET-1039,Electrical Pole,South,Copper,26.75,48.84,41.21,1171.01,11.17,8,42.75,163.81,76.65,29.23,1,65.59,1,18.37
ASSET-1040,Electrical Pole,North,Concrete,33.26,70.35,139.36,572.03,27.86,4,148.09,317.62,68.03,26.89,2,25.99,1,10.62
ASSET-1041,Drainage,Central,PVC,15.63,52.32,67.39,1834.24,15.44,3,143.45,315.35,71.81,53.72,2,60.22,0,18.37
ASSET-1042,Streetlight,West,Concrete,7.1,26.31,98.2,874.38,33.27,5,105.23,64.23,81.19,14.64,0,40.37,0,34.61
ASSET-1043,Streetlight,Central,Copper,16.61,78.4,94.85,934.07,11.27,5,57.57,191.75,65.62,51.76,1,56.94,0,18.68
ASSET-1044,Road,West,Steel,22.86,95.0,121.65,1146.84,25.03,2,44.0,124.72,58.1,48.07,0,82.0,1,13.96
ASSET-1045,Streetlight,Central,Concrete,25.52,55.41,95.01,865.63,27.43,6,63.75,26.66,84.66,41.49,0,44.8,0,17.8
ASSET-1046,Streetlight,North,PVC,9.41,40.51,85.29,1040.07,19.14,2,101.7,196.77,66.31,58.17,2,29.36,0,21.68
ASSET-1047,Pipeline,West,PVC,23.24,67.11,81.96,302.88,25.07,3,30.27,34.88,70.42,30.34,0,56.5,1,19.73
ASSET-1048,Drainage,Central,Copper,6.97,46.3,111.0,990.02,9.95,3,34.39,206.71,77.74,1.82,2,37.98,0,38.06
ASSET-1049,Bridge,East,Asphalt,33.59,54.02,57.61,514.81,28.13,3,112.27,341.28,59.41,36.2,3,62.87,1,7.7
ASSET-1050,Streetlight,,Composite,1.93,65.11,60.11,2044.08,17.59,9,,100.34,72.36,50.07,2,65.96,1,26.91
ASSET-1051,Drainage,East,Composite,30.52,52.54,84.0,991.88,32.73,4,143.3,259.52,35.08,41.2,1,88.04,1,3.84
ASSET-1052,Electrical Pole,West,PVC,2.71,86.14,97.26,1493.39,40.08,5,152.03,204.23,63.3,34.43,0,57.2,0,29.57
ASSET-1053,Road,East,PVC,1.0,63.58,91.35,998.28,26.98,1,274.34,169.72,69.37,15.69,1,82.97,1,33.16
ASSET-1054,Drainage,Industrial,Composite,28.36,72.09,111.39,984.87,11.95,3,101.13,284.88,77.57,67.25,3,49.78,1,8.64
ASSET-1055,Bridge,South,PVC,1.0,82.71,135.78,380.27,38.58,4,132.85,341.48,96.2,48.03,2,69.1,0,34.35
ASSET-1056,Drainage,East,PVC,14.0,53.9,67.93,1000.18,21.7,2,130.94,147.6,81.04,2.55,1,60.37,0,31.66
ASSET-1057,Streetlight,Industrial,Concrete,14.89,51.55,47.44,1413.89,30.83,4,203.1,200.15,80.62,38.12,2,29.61,1,22.4
ASSET-1058,Bridge,West,Composite,9.06,86.74,21.19,1115.89,35.55,3,87.6,192.94,65.64,35.62,0,77.96,1,26.6
ASSET-1059,Streetlight,East,Concrete,32.23,52.33,53.41,885.69,23.34,5,39.36,103.08,81.19,53.78,0,34.0,0,10.51
ASSET-1060,Bridge,North,PVC,50.84,70.67,86.99,1721.42,23.88,5,132.75,189.13,69.96,6.05,4,41.05,1,3.14
ASSET-1061,Drainage,South,Copper,4.4,50.74,66.16,1168.97,31.19,5,185.18,149.44,72.89,43.16,0,68.27,0,27.7
ASSET-1062,Road,South,Steel,3.43,95.0,82.86,1089.07,18.07,2,301.93,274.04,44.11,65.08,3,52.94,0,16.48
ASSET-1063,Bridge,North,Steel,21.07,54.7,154.18,722.23,26.31,3,5.36,399.16,50.73,39.4,0,50.82,1,16.4
ASSET-1064,Road,East,Composite,22.22,38.51,112.6,1038.58,35.44,6,73.06,187.67,75.3,47.39,1,61.42,1,17.06
ASSET-1065,Pipeline,West,Copper,15.57,57.3,133.94,1587.65,31.31,5,107.7,211.88,52.47,60.38,0,56.43,1,14.32
ASSET-1066,Road,Industrial,Concrete,29.41,27.72,106.99,791.54,21.68,5,135.84,0.0,54.42,54.51,2,89.47,1,5.59
ASSET-1067,Drainage,Central,Asphalt,34.83,48.16,170.1,1214.69,16.34,2,0.0,340.7,100.0,14.69,1,59.72,1,20.68
ASSET-1068,Drainage,Central,Copper,8.4,19.9,88.69,1007.35,21.5,4,234.36,149.69,75.07,49.54,2,46.94,1,23.04
ASSET-1069,Bridge,East,Composite,18.96,65.95,61.15,1958.12,37.88,2,135.49,244.23,62.18,44.63,1,31.58,0,16.28
ASSET-1070,Road,East,Concrete,22.59,33.0,123.18,797.27,23.55,6,159.71,72.05,53.73,23.01,2,64.45,1,16.06
ASSET-1071,Bridge,Central,Steel,9.57,31.66,103.45,1090.88,44.41,4,265.14,62.96,43.68,12.6,3,89.61,0,23.34
ASSET-1072,Electrical Pole,South,Composite,10.18,45.79,59.93,200.0,31.47,4,120.84,39.99,100.0,24.93,2,31.82,1,33.47
ASSET-1073,Electrical Pole,West,Copper,16.09,60.83,104.81,1292.79,29.45,1,135.79,191.38,76.17,36.45,0,34.28,1,22.44
ASSET-1074,Electrical Pole,North,Asphalt,1.0,71.35,119.83,1706.13,27.76,0,37.86,197.04,74.44,30.55,2,58.21,0,35.83
ASSET-1075,Electrical Pole,South,Copper,19.21,42.22,124.46,941.54,13.02,2,92.12,279.4,71.24,31.28,0,72.14,0,21.28
ASSET-1076,Bridge,East,Copper,11.48,53.0,139.41,1505.26,10.35,0,114.86,58.73,83.67,35.85,1,45.28,0,27.56
ASSET-1077,Pipeline,Industrial,Composite,35.41,95.0,86.64,1411.82,25.88,3,53.43,71.5,51.56,43.1,0,11.59,1,4.81
ASSET-1078,Drainage,West,PVC,22.45,54.23,135.4,1423.87,11.69,0,62.44,117.49,88.98,34.82,3,34.15,1,22.09
ASSET-1079,Bridge,West,PVC,27.65,69.42,34.45,1993.57,25.84,4,50.81,307.52,50.65,51.64,2,40.46,1,8.42
ASSET-1080,Streetlight,West,Copper,37.83,59.63,114.62,283.73,44.06,1,201.99,80.52,60.86,50.78,3,35.12,1,1.0
ASSET-1081,Streetlight,Industrial,PVC,28.9,75.9,66.86,2159.19,11.89,2,158.32,94.64,76.75,39.82,1,72.98,1,12.45
ASSET-1082,Streetlight,Central,PVC,15.72,59.63,129.39,1674.41,32.07,1,161.98,92.15,48.93,33.57,0,72.23,1,17.85
ASSET-1083,Road,West,Concrete,26.15,16.95,70.15,324.13,20.84,4,100.62,121.02,95.4,0.0,3,48.2,1,26.85
ASSET-1084,Pipeline,Industrial,PVC,17.22,44.45,141.29,461.41,25.11,5,0.0,88.01,69.33,17.27,0,51.7,0,26.97
ASSET-1085,Pipeline,Industrial,Composite,24.5,48.15,127.35,601.35,13.73,7,67.36,48.91,40.64,56.5,0,53.43,0,7.52
ASSET-1086,Electrical Pole,East,Steel,16.41,75.26,89.61,2606.43,26.2,6,184.42,176.36,61.43,41.64,2,47.69,1,17.55
ASSET-1087,Bridge,North,Copper,19.66,79.72,157.1,1712.62,41.76,2,176.15,313.85,55.87,25.29,4,40.45,1,17.71
ASSET-1088,Pipeline,Industrial,Steel,4.59,85.56,130.9,1459.27,24.59,3,142.56,337.98,76.29,78.34,0,57.65,1,22.0
ASSET-1089,Electrical Pole,West,PVC,14.27,33.3,90.41,1450.4,29.72,8,157.16,295.01,73.19,68.56,5,67.56,1,16.33
ASSET-1090,Drainage,West,Asphalt,8.07,44.02,103.46,1473.9,31.29,4,120.56,116.38,79.22,72.1,3,67.62,0,21.78
ASSET-1091,Streetlight,Industrial,Copper,28.3,47.58,79.75,751.33,23.87,3,216.66,132.47,57.55,73.85,0,60.76,0,1.45
ASSET-1092,Pipeline,Industrial,Composite,22.51,32.27,132.06,1582.27,39.03,2,127.93,183.94,76.75,5.91,1,32.32,1,24.32
ASSET-1093,Streetlight,Industrial,Asphalt,21.58,12.43,39.45,1691.13,20.08,2,221.67,212.76,87.7,31.68,5,47.12,0,19.91
ASSET-1094,Electrical Pole,East,Copper,35.44,53.77,45.36,1489.71,27.83,1,46.22,177.53,78.3,0.0,3,49.1,1,18.36
ASSET-1095,Bridge,Industrial,Copper,4.68,73.82,94.29,1929.7,28.94,3,107.78,228.27,64.56,17.95,2,55.4,1,32.6
ASSET-1096,Road,West,Steel,18.34,76.79,91.58,1209.02,19.6,4,147.99,270.08,61.58,25.84,2,62.54,0,20.12
ASSET-1097,Electrical Pole,Central,Steel,8.94,81.13,44.05,1670.57,13.61,7,0.0,295.23,70.53,27.67,1,69.37,0,30.9
ASSET-1098,Pipeline,Industrial,Concrete,8.96,38.68,114.49,200.0,19.74,10,42.56,294.78,61.45,45.18,2,78.32,1,24.9
ASSET-1099,Bridge,Industrial,PVC,16.0,94.78,77.32,1340.53,27.21,1,97.13,196.15,64.22,83.82,0,79.23,1,11.65
ASSET-1100,Pipeline,East,PVC,26.56,54.72,69.04,739.05,20.34,0,,31.75,,47.37,2,68.6,1,18.46
ASSET-1101,Drainage,North,Asphalt,19.67,84.21,76.68,1264.0,31.72,1,367.73,182.86,74.56,60.14,2,58.69,1,10.27
ASSET-1102,Electrical Pole,Central,Copper,19.3,24.92,78.31,1510.33,29.0,6,110.36,41.27,91.02,63.72,2,55.05,0,17.92
ASSET-1103,Road,West,Steel,28.44,95.0,98.45,412.96,19.72,5,0.0,196.94,78.85,65.7,3,73.56,1,11.14
ASSET-1104,Electrical Pole,West,Copper,1.0,73.42,116.17,1353.57,9.43,2,26.65,0.0,71.95,19.04,5,54.96,1,37.91
ASSET-1105,Road,South,Steel,30.94,23.62,79.1,1258.14,16.83,3,102.56,156.61,100.0,42.56,2,67.71,0,15.78
ASSET-1106,Pipeline,West,Copper,24.13,53.34,85.38,1300.09,35.41,6,100.77,256.78,68.5,35.68,0,54.73,0,16.29
ASSET-1107,Drainage,South,PVC,31.41,56.85,99.06,331.67,22.22,3,53.67,182.17,64.27,36.6,1,40.8,0,11.19
ASSET-1108,Bridge,North,Asphalt,14.01,56.55,130.53,1354.03,19.04,4,256.6,271.67,81.86,49.51,3,77.36,1,19.89
ASSET-1109,Bridge,East,Composite,23.67,76.37,62.55,298.64,26.41,4,76.49,262.59,38.47,24.3,0,28.55,1,13.97
ASSET-1110,Drainage,East,Steel,32.95,27.82,77.35,1744.79,30.81,1,174.6,208.98,100.0,43.08,1,42.58,0,12.83
ASSET-1111,Bridge,Central,Steel,10.56,38.48,136.13,1210.78,30.09,7,0.0,307.89,73.0,43.7,0,44.41,1,27.01
ASSET-1112,Road,South,Copper,22.89,95.0,125.1,1959.31,23.27,2,57.54,131.17,35.05,20.5,0,54.84,1,15.04
ASSET-1113,Drainage,West,Asphalt,19.32,62.25,94.55,851.13,7.33,2,42.2,226.61,88.37,53.77,2,55.6,0,20.78
ASSET-1114,Drainage,North,Concrete,12.78,40.06,49.78,1795.11,23.43,1,53.88,93.3,72.77,56.35,0,17.45,0,21.8
ASSET-1115,Electrical Pole,East,Concrete,16.11,51.88,88.25,823.52,26.96,4,118.01,221.26,64.26,25.27,3,68.07,0,22.88
ASSET-1116,Streetlight,South,Concrete,26.27,79.52,110.78,1757.03,10.79,4,105.38,347.77,88.7,22.39,2,61.02,0,20.99
ASSET-1117,Electrical Pole,Industrial,Steel,22.54,34.62,105.8,1063.11,27.54,2,73.19,297.38,53.07,15.44,1,44.11,1,19.22
ASSET-1118,Pipeline,East,Steel,9.15,57.1,49.85,595.22,43.49,4,60.27,221.82,82.21,54.89,1,75.58,1,26.21
ASSET-1119,Streetlight,Central,PVC,1.0,33.87,99.92,1397.78,16.79,4,70.09,152.3,90.45,53.18,0,38.97,1,33.54
ASSET-1120,Road,East,PVC,13.89,54.47,75.26,1824.39,28.13,4,18.68,296.73,21.24,51.68,2,50.22,1,13.39
ASSET-1121,Streetlight,Central,Copper,30.73,53.74,96.87,1403.72,45.0,6,176.09,88.72,74.58,18.74,2,60.53,1,14.64
ASSET-1122,Electrical Pole,South,PVC,6.75,56.62,69.52,1290.73,17.27,4,180.04,174.69,64.96,39.07,2,38.07,0,25.55
ASSET-1123,Drainage,East,Steel,20.61,81.35,112.21,1234.65,30.76,4,180.29,0.0,44.04,55.1,0,65.23,1,8.87
ASSET-1124,Drainage,North,Steel,14.48,35.08,105.49,1320.62,43.99,2,235.21,215.24,60.1,50.98,2,58.65,1,15.78
ASSET-1125,Bridge,South,Composite,20.66,43.06,70.23,1655.67,22.98,3,142.39,206.53,46.27,60.73,1,54.35,1,8.87
ASSET-1126,Streetlight,South,Concrete,22.31,59.73,118.01,1522.79,31.46,6,190.69,163.95,51.79,68.36,1,49.48,1,6.22
ASSET-1127,Electrical Pole,North,Asphalt,1.0,61.77,99.47,290.93,29.08,3,335.23,123.06,64.17,17.5,3,51.29,0,30.65
ASSET-1128,Pipeline,Central,Copper,10.75,69.14,53.59,1575.07,41.03,5,171.03,267.01,100.0,59.2,2,74.27,1,25.21
ASSET-1129,Road,Industrial,Concrete,9.14,70.53,64.83,979.79,-2.74,4,68.49,291.11,79.02,57.48,0,76.69,0,24.96
ASSET-1130,Road,North,Composite,39.06,70.28,118.71,1301.76,20.28,5,0.0,138.22,40.12,20.93,2,67.1,1,5.69
ASSET-1131,Drainage,West,Concrete,18.51,58.41,38.42,976.46,18.87,2,167.97,93.95,61.12,0.0,1,38.42,0,24.69
ASSET-1132,Drainage,Industrial,Steel,18.79,35.98,98.14,1113.19,40.05,4,0.0,53.51,72.99,16.4,0,82.29,1,26.71
ASSET-1133,Electrical Pole,Industrial,Concrete,25.2,65.42,76.78,1456.61,18.66,4,46.35,331.63,43.74,59.65,1,49.19,1,7.38
ASSET-1134,Electrical Pole,North,Composite,19.67,69.67,136.0,1387.89,16.98,4,265.34,314.77,88.36,50.91,2,78.86,1,16.65
ASSET-1135,Streetlight,Central,Composite,13.43,27.9,97.07,709.45,15.5,2,318.83,193.61,78.51,10.55,0,43.26,1,26.24
ASSET-1136,Road,Central,Composite,32.38,61.69,112.96,1643.14,19.68,6,69.38,320.62,79.96,0.0,0,25.87,0,20.34
ASSET-1137,Pipeline,North,Concrete,29.63,54.51,28.15,1425.45,20.17,1,254.24,190.73,66.72,27.01,0,34.52,0,10.78
ASSET-1138,Streetlight,South,PVC,30.85,45.52,95.66,200.0,13.14,5,150.22,355.34,96.17,30.39,2,52.3,0,16.63
ASSET-1139,Bridge,East,Composite,38.55,77.98,100.09,1320.24,38.0,5,244.69,0.0,80.3,24.69,4,85.84,1,7.64
ASSET-1140,Bridge,North,Copper,18.33,85.71,148.49,1244.64,45.0,3,102.84,266.59,65.63,36.71,3,58.35,1,19.58
ASSET-1141,Bridge,Industrial,Asphalt,1.05,62.35,74.11,1719.16,31.27,6,192.6,289.02,59.96,51.08,4,45.6,1,25.99
ASSET-1142,Road,North,Composite,36.0,44.01,69.44,1377.72,31.44,5,43.06,223.45,59.66,5.22,0,44.48,1,13.63
ASSET-1143,Road,Central,Composite,23.22,78.04,50.8,1411.18,14.41,5,70.18,74.87,86.39,23.26,1,18.04,1,23.24
ASSET-1144,Road,Central,Concrete,27.47,71.42,95.16,283.45,35.88,2,83.73,411.2,59.33,49.84,2,65.02,0,9.81
ASSET-1145,Road,East,Composite,20.82,62.53,103.16,1168.85,38.6,1,201.72,262.23,84.57,57.34,1,24.36,1,15.15
ASSET-1146,Pipeline,East,Asphalt,17.28,35.18,73.04,454.55,20.7,2,0.0,250.02,100.0,47.12,1,57.01,1,26.48
ASSET-1147,Bridge,North,PVC,13.79,56.8,93.89,695.37,40.15,1,177.47,169.88,100.0,41.82,0,53.54,1,26.43
ASSET-1148,Electrical Pole,East,Asphalt,18.4,32.14,71.99,200.0,16.69,4,144.01,0.0,69.53,46.27,1,46.59,0,17.5
ASSET-1149,Road,North,Concrete,13.88,44.18,75.9,1304.29,45.0,2,94.55,174.83,59.63,56.96,0,48.44,0,17.73
ASSET-1150,Electrical Pole,Industrial,Steel,26.18,49.12,70.37,1464.45,33.16,4,,225.62,64.76,49.9,3,11.1,1,12.23
ASSET-1151,Drainage,Central,PVC,19.11,20.29,168.25,919.13,31.72,3,55.75,87.79,100.0,54.12,4,59.0,0,22.68
ASSET-1152,Road,East,PVC,20.88,49.66,86.39,574.87,25.76,2,155.35,197.0,77.18,68.5,1,71.62,1,12.47
ASSET-1153,Drainage,West,Asphalt,38.52,81.13,129.6,1015.99,27.07,1,159.91,207.45,72.42,55.54,0,87.43,1,1.77
ASSET-1154,Drainage,Industrial,Asphalt,27.02,53.59,90.54,1488.37,38.69,4,131.52,181.81,100.0,27.62,1,84.34,0,20.93
ASSET-1155,Electrical Pole,South,Concrete,19.47,77.74,67.66,1076.82,38.36,2,107.9,205.67,54.2,26.72,1,58.84,1,18.62
ASSET-1156,Electrical Pole,North,Steel,30.8,85.83,69.32,1266.76,31.07,7,177.48,209.09,84.0,48.48,0,61.47,1,10.31
ASSET-1157,Streetlight,West,Copper,32.59,50.85,98.88,1054.49,4.18,4,144.14,128.75,51.22,17.39,2,93.51,0,10.05
ASSET-1158,Bridge,Central,Asphalt,31.82,28.11,120.64,802.1,19.76,3,176.49,275.93,70.24,33.38,2,68.22,0,10.16
ASSET-1159,Streetlight,North,Composite,29.76,29.31,95.6,559.19,24.54,3,116.26,100.03,45.23,0.0,1,50.24,0,14.98
ASSET-1160,Electrical Pole,South,Asphalt,11.24,81.45,69.22,2050.1,39.61,0,127.39,140.03,20.0,6.11,2,94.35,0,21.96
ASSET-1161,Road,West,Asphalt,27.03,61.47,94.36,2209.6,44.33,2,0.0,0.0,95.79,34.06,1,25.77,1,21.51
ASSET-1162,Pipeline,Industrial,PVC,10.47,49.09,101.24,960.84,15.66,2,216.67,204.48,83.02,17.02,0,48.58,1,29.88
ASSET-1163,Electrical Pole,Central,Composite,9.33,61.98,180.0,1617.1,45.0,5,69.61,214.79,100.0,71.59,0,62.56,0,25.76
ASSET-1164,Streetlight,South,Composite,3.71,71.49,141.6,1223.88,18.99,4,153.4,188.11,75.22,31.52,2,71.25,0,31.57
ASSET-1165,Streetlight,Central,Composite,8.17,34.79,87.37,1642.1,26.33,2,140.92,146.92,87.85,41.66,1,62.17,0,28.94
ASSET-1166,Road,West,Composite,31.15,43.61,107.08,1157.72,28.84,2,128.83,290.78,55.13,8.41,0,36.93,0,13.86
ASSET-1167,Drainage,East,Composite,23.95,26.88,86.06,1570.97,28.75,3,135.27,190.71,67.96,30.78,4,72.57,1,16.61
ASSET-1168,Drainage,South,Copper,42.81,45.06,92.45,400.72,17.71,7,78.24,371.93,49.62,13.93,0,56.85,0,4.61
ASSET-1169,Streetlight,North,Concrete,27.23,64.02,82.51,1120.01,22.13,2,48.96,282.79,39.09,67.35,0,44.09,0,3.53
ASSET-1170,Bridge,Central,Asphalt,25.4,84.7,128.53,1501.11,34.78,0,78.25,88.88,94.04,27.33,2,67.65,0,22.12
ASSET-1171,Bridge,North,Asphalt,9.38,43.26,133.81,734.71,26.12,2,94.88,175.38,57.91,15.79,1,42.79,1,28.8
ASSET-1172,Pipeline,East,Concrete,9.89,36.22,92.66,1766.22,38.56,2,292.02,79.53,91.5,20.57,0,44.59,0,29.59
ASSET-1173,Streetlight,Industrial,Asphalt,17.48,66.6,115.1,633.61,16.09,2,111.09,158.98,54.9,40.39,4,48.92,1,17.35
ASSET-1174,Bridge,North,Asphalt,13.66,66.19,78.24,1601.38,18.53,7,147.58,118.0,61.4,24.72,3,35.16,1,23.59
ASSET-1175,Streetlight,West,Concrete,11.32,43.77,94.53,1037.33,11.58,3,112.04,117.19,84.36,53.39,1,62.15,0,24.34
ASSET-1176,Drainage,East,Concrete,1.0,46.58,125.14,945.94,18.36,8,265.53,226.76,92.5,0.0,0,49.54,0,40.64
ASSET-1177,Electrical Pole,Industrial,Concrete,15.64,45.2,20.0,1431.61,29.89,7,56.94,92.98,23.76,29.13,2,46.99,1,16.36
ASSET-1178,Drainage,North,Copper,39.43,49.87,99.41,382.14,27.58,0,175.5,252.44,96.47,14.6,1,68.15,0,13.33
ASSET-1179,Road,Central,Copper,22.42,37.69,23.24,1408.18,23.63,2,181.12,175.51,48.25,0.0,0,100.0,0,19.37
ASSET-1180,Streetlight,Central,Steel,25.23,58.77,89.55,1051.56,35.5,3,166.15,145.16,100.0,49.85,3,47.48,1,17.05
ASSET-1181,Drainage,East,PVC,28.58,48.75,98.3,2181.03,15.62,4,155.04,232.0,63.89,76.73,0,84.26,0,3.05
ASSET-1182,Bridge,West,PVC,30.15,93.02,47.35,678.7,38.43,0,0.0,131.17,75.46,66.84,1,47.05,1,9.11
ASSET-1183,Streetlight,Central,Asphalt,21.11,64.39,108.24,1093.21,7.4,2,233.62,198.71,66.19,57.36,0,53.94,0,10.99
ASSET-1184,Pipeline,Industrial,Asphalt,19.38,46.17,98.02,1087.38,12.41,4,13.73,196.56,96.73,29.38,0,55.71,1,27.69
ASSET-1185,Electrical Pole,South,Concrete,9.68,66.89,90.56,2225.86,35.47,3,177.25,140.68,72.61,27.77,2,83.79,1,27.19
ASSET-1186,Electrical Pole,East,Copper,25.99,73.44,122.69,1530.75,14.75,7,264.35,156.61,65.33,47.25,2,54.36,1,8.83
ASSET-1187,Electrical Pole,North,Concrete,5.5,61.11,111.54,1635.49,28.14,3,199.52,186.58,63.63,31.39,0,54.72,0,27.34
ASSET-1188,Drainage,South,Composite,24.88,61.8,140.62,1042.22,29.39,5,307.43,194.48,53.2,51.96,4,52.19,1,5.62
ASSET-1189,Drainage,North,PVC,26.41,79.57,125.51,1275.34,18.71,3,156.69,270.82,78.01,27.4,2,73.48,0,16.94
ASSET-1190,Bridge,North,Asphalt,21.8,38.28,89.56,1768.69,12.55,0,240.65,231.14,82.92,13.46,2,62.95,1,22.16
ASSET-1191,Bridge,Industrial,PVC,2.16,83.49,99.76,962.35,21.6,0,167.47,206.19,68.51,60.57,0,47.26,1,25.36
ASSET-1192,Drainage,North,Composite,9.5,49.42,97.02,1458.01,21.88,2,254.88,421.16,74.58,19.86,3,31.96,0,27.7
ASSET-1193,Streetlight,North,Asphalt,14.65,41.08,60.21,1031.99,17.22,4,122.17,117.87,65.33,30.38,2,55.33,1,22.98
ASSET-1194,Streetlight,Central,Steel,26.25,66.72,112.15,2032.71,14.93,3,261.06,154.27,21.33,30.94,1,10.89,0,4.06
ASSET-1195,Road,Central,Composite,31.34,40.73,104.86,1064.41,13.4,1,45.19,288.57,69.34,24.56,0,79.53,1,14.73
ASSET-1196,Drainage,Central,Asphalt,32.64,78.69,109.77,1373.9,14.06,3,65.29,0.0,91.03,21.08,3,73.87,0,18.02
ASSET-1197,Bridge,Industrial,Copper,23.57,67.26,76.54,2314.71,25.39,4,68.07,86.88,80.59,39.35,0,32.11,1,18.78
ASSET-1198,Bridge,North,Asphalt,5.3,78.92,76.6,996.65,38.05,1,61.84,103.12,100.0,74.87,2,72.1,0,28.08
ASSET-1199,Streetlight,East,Copper,12.2,93.95,103.03,1711.87,24.05,3,253.04,233.97,98.12,40.11,0,47.5,0,26.04
ASSET-1200,Drainage,,,19.03,42.47,61.78,1920.85,20.1,4,,121.18,,12.66,0,62.43,0,28.93
ASSET-1201,Pipeline,West,PVC,17.46,29.06,121.12,1646.11,18.92,5,149.99,51.94,56.63,57.77,1,47.84,0,13.42
ASSET-1202,Drainage,South,Steel,9.42,44.69,81.67,692.42,9.32,6,197.65,52.67,74.45,16.96,1,51.79,1,29.46
ASSET-1203,Electrical Pole,Industrial,Copper,13.72,95.0,81.79,715.04,18.14,6,0.0,103.74,98.04,39.88,1,96.38,1,30.07
ASSET-1204,Electrical Pole,Central,PVC,20.46,40.84,86.54,518.74,36.3,5,209.95,301.3,64.54,16.1,1,42.29,0,19.88
ASSET-1205,Streetlight,Industrial,Steel,19.65,77.64,89.96,1290.0,24.16,5,66.58,0.0,80.48,54.76,2,46.48,1,18.45
ASSET-1206,Streetlight,Industrial,PVC,6.65,64.89,99.24,1124.52,41.4,2,262.0,183.18,38.96,31.42,2,51.43,0,20.83
ASSET-1207,Electrical Pole,South,Composite,3.25,51.71,69.28,1495.09,31.96,1,63.54,255.66,56.54,13.36,0,64.34,0,33.96
ASSET-1208,Bridge,Central,Copper,21.09,41.32,95.15,2116.28,16.23,0,156.41,168.96,59.22,48.04,2,18.25,0,13.16
ASSET-1209,Pipeline,Industrial,Concrete,11.47,95.0,112.5,1605.66,35.56,4,183.73,251.81,81.7,28.56,1,47.41,0,27.29
ASSET-1210,Streetlight,West,Copper,18.13,31.63,71.28,1030.61,16.51,2,106.89,220.23,89.09,25.72,3,74.89,0,26.06
ASSET-1211,Electrical Pole,Industrial,Asphalt,23.04,58.07,104.57,1912.23,36.01,6,123.31,235.5,96.18,22.53,1,58.29,0,24.21
ASSET-1212,Streetlight,East,Asphalt,27.0,73.3,88.07,294.83,27.22,2,0.81,53.61,77.87,62.22,1,61.8,0,12.66
ASSET-1213,Streetlight,North,Concrete,29.83,24.11,110.61,1193.05,30.09,3,54.57,194.05,100.0,52.22,0,33.86,0,15.58
ASSET-1214,Road,Industrial,Concrete,1.18,81.32,66.35,1004.69,36.89,0,239.38,154.64,51.33,30.05,0,65.93,1,27.62
ASSET-1215,Bridge,East,Composite,11.52,16.77,88.38,386.07,26.84,1,80.96,198.26,68.18,40.01,2,37.16,1,24.59
ASSET-1216,Road,Industrial,PVC,17.36,10.0,102.42,1019.51,16.15,4,213.82,132.4,54.99,38.3,0,46.11,1,15.81
ASSET-1217,Streetlight,North,PVC,30.22,56.24,38.62,200.0,26.46,5,0.0,224.97,95.95,72.76,1,67.12,0,11.57
ASSET-1218,Road,Central,Composite,1.0,95.0,77.74,639.92,22.7,7,296.64,192.54,89.97,35.86,0,84.58,0,32.39
ASSET-1219,Bridge,Industrial,Composite,11.78,85.71,133.96,1568.42,41.46,8,105.98,99.12,38.44,79.89,0,78.43,1,10.58
ASSET-1220,Bridge,Central,Composite,10.59,85.77,74.0,484.97,23.12,2,167.7,174.86,83.3,29.18,0,47.5,1,28.39
ASSET-1221,Electrical Pole,North,Asphalt,38.45,59.5,35.49,887.87,25.87,7,202.3,87.83,100.0,34.38,3,37.21,1,10.16
ASSET-1222,Electrical Pole,East,Copper,1.0,26.83,20.0,2467.25,26.93,2,156.21,198.93,83.18,59.19,1,42.16,1,29.31
ASSET-1223,Electrical Pole,East,Steel,26.28,71.05,98.02,2506.53,21.06,2,153.45,112.51,80.92,18.34,0,92.04,0,19.43
ASSET-1224,Drainage,South,Composite,13.94,39.02,130.12,569.37,18.76,5,195.07,302.05,58.55,46.92,0,47.1,0,17.5
ASSET-1225,Electrical Pole,East,Copper,30.03,44.01,103.35,1293.35,15.36,5,164.82,0.0,76.99,19.54,3,31.98,1,15.63
ASSET-1226,Streetlight,South,Composite,14.44,62.24,96.63,1657.77,11.33,7,162.01,315.97,87.74,34.77,0,47.86,0,25.49
ASSET-1227,Pipeline,West,Steel,33.9,82.71,76.41,200.0,23.09,3,100.02,232.85,87.77,54.81,2,25.59,0,9.11
ASSET-1228,Road,South,Steel,14.59,95.0,106.23,1420.69,28.24,4,0.0,156.05,71.32,60.63,1,28.36,0,20.5
ASSET-1229,Road,West,Concrete,22.3,38.92,58.5,699.5,29.88,6,158.63,243.2,80.51,37.03,2,14.46,1,18.3
ASSET-1230,Streetlight,East,Steel,19.11,34.1,129.89,1111.71,25.28,0,201.35,242.73,82.03,18.74,0,62.02,1,23.61
ASSET-1231,Pipeline,North,PVC,11.06,63.7,30.17,907.47,41.17,4,133.34,378.52,29.95,18.69,0,73.45,1,21.24
ASSET-1232,Bridge,North,Steel,26.76,37.68,124.94,958.01,35.9,1,110.14,130.98,91.01,24.54,1,67.12,0,20.54
ASSET-1233,Streetlight,North,Composite,23.45,72.74,101.33,949.05,21.85,4,139.97,165.28,72.35,4.65,2,61.26,0,22.88
ASSET-1234,Electrical Pole,East,Asphalt,28.02,55.0,42.85,984.93,23.2,5,0.0,184.12,81.25,21.77,1,46.71,0,20.66
ASSET-1235,Streetlight,East,Concrete,10.7,46.83,73.68,1610.17,18.39,2,261.43,276.07,38.49,19.7,1,63.83,0,20.27
ASSET-1236,Pipeline,Central,Steel,3.1,78.17,119.76,1489.14,37.21,4,155.89,335.77,91.82,18.17,2,46.04,0,37.61
ASSET-1237,Streetlight,North,Copper,23.04,64.53,53.5,1126.89,27.39,3,145.18,260.59,71.45,39.49,3,66.52,1,15.93
ASSET-1238,Streetlight,Central,Asphalt,20.01,35.84,115.13,1398.09,36.55,4,0.0,9.99,85.24,23.6,2,60.06,1,26.62
ASSET-1239,Bridge,South,Composite,16.33,53.07,69.04,1190.53,19.74,3,94.11,157.33,88.6,32.4,3,85.68,1,26.15
ASSET-1240,Pipeline,East,Steel,26.55,65.69,104.8,1719.22,25.8,5,169.13,144.02,88.13,36.83,1,49.43,0,16.53
ASSET-1241,Streetlight,Central,Asphalt,19.66,74.93,121.67,1412.04,30.4,6,108.0,68.46,95.42,24.4,0,25.67,0,26.37
ASSET-1242,Electrical Pole,North,Concrete,23.71,22.57,72.49,1552.94,31.5,2,109.27,92.74,62.13,40.32,0,53.6,0,14.34
ASSET-1243,Drainage,South,Composite,3.35,77.66,110.3,1675.74,36.61,2,91.33,0.0,100.0,32.01,3,35.71,0,37.43
ASSET-1244,Streetlight,South,Concrete,27.96,92.15,93.19,593.47,23.75,0,116.97,262.1,71.36,29.32,2,68.87,0,15.07
ASSET-1245,Pipeline,West,Concrete,1.4,56.78,168.08,398.99,24.23,7,208.33,128.66,75.71,34.96,0,56.66,1,31.49
ASSET-1246,Streetlight,Industrial,PVC,15.2,57.25,72.55,434.03,24.63,7,126.58,146.84,85.57,31.83,4,57.93,1,25.86
ASSET-1247,Streetlight,East,Copper,25.0,39.91,110.09,1365.06,24.49,2,68.96,208.24,83.32,32.46,1,57.32,0,19.63
ASSET-1248,Drainage,West,Concrete,18.99,50.99,95.54,2818.82,27.8,5,155.04,153.72,95.29,29.18,3,51.98,1,24.92
ASSET-1249,Electrical Pole,South,PVC,8.4,62.31,61.86,1521.38,14.25,3,5.46,462.42,42.23,35.2,3,76.65,1,24.57
ASSET-1250,Road,South,Copper,46.51,48.66,135.53,1748.03,26.91,4,,89.03,94.27,61.24,0,55.23,0,14.25
ASSET-1251,Electrical Pole,North,Steel,16.57,54.35,96.93,1768.12,18.28,2,218.93,133.74,49.27,25.3,1,85.99,0,17.83
ASSET-1252,Bridge,Industrial,Asphalt,27.25,77.95,119.6,1767.75,18.81,3,40.81,158.95,84.31,37.69,3,37.45,1,17.75
ASSET-1253,Bridge,Central,Composite,23.0,30.03,97.83,1644.2,23.07,5,43.22,13.63,82.03,69.88,0,80.0,0,13.83
ASSET-1254,Electrical Pole,West,Composite,18.43,28.29,61.05,1209.47,21.36,1,0.0,95.33,75.49,34.87,0,61.63,0,23.71
ASSET-1255,Road,Industrial,Composite,28.4,62.88,91.36,1756.84,16.36,3,103.91,56.3,64.44,0.0,4,41.13,1,19.64
ASSET-1256,Drainage,Industrial,PVC,33.86,55.76,111.95,906.72,26.87,5,173.16,257.48,65.37,25.39,0,67.42,1,9.52
ASSET-1257,Road,North,Steel,28.82,87.32,104.16,740.11,9.73,6,0.0,145.94,67.96,33.61,1,60.49,0,15.34
ASSET-1258,Streetlight,North,Copper,1.0,55.29,28.11,1639.33,20.0,0,54.86,122.99,93.43,38.93,2,79.26,0,37.23
ASSET-1259,Pipeline,West,Asphalt,17.04,70.08,115.52,428.12,38.26,1,193.39,28.29,82.82,72.24,1,53.39,1,14.66
ASSET-1260,Drainage,West,PVC,24.1,48.41,149.55,1315.32,22.12,2,45.36,117.22,65.69,25.25,0,95.78,1,19.0
ASSET-1261,Electrical Pole,North,Copper,7.7,57.93,112.78,1578.06,24.47,3,156.12,206.65,67.34,3.76,0,37.36,1,32.86
ASSET-1262,Electrical Pole,Central,Concrete,11.33,55.66,105.76,2268.27,20.16,5,144.48,309.6,82.37,14.83,0,63.6,0,31.04
ASSET-1263,Streetlight,North,Composite,12.72,35.39,56.97,1296.59,38.57,3,167.22,169.77,48.79,49.7,0,58.39,0,16.59
ASSET-1264,Pipeline,Central,Concrete,14.58,72.86,63.26,1434.52,17.44,2,0.0,389.21,81.91,19.65,0,49.08,1,30.61
ASSET-1265,Electrical Pole,East,Copper,25.17,17.16,90.75,2262.39,14.79,4,296.26,243.22,74.27,45.13,0,81.39,1,10.8
ASSET-1266,Drainage,West,Asphalt,14.01,15.82,83.26,619.96,22.47,3,215.79,249.53,76.74,34.94,0,18.74,0,22.7
ASSET-1267,Road,West,Steel,19.13,70.89,91.75,879.09,29.18,3,254.86,303.27,89.27,50.15,0,69.93,0,17.55
ASSET-1268,Bridge,Industrial,Asphalt,21.76,67.13,109.78,1471.66,45.0,3,194.91,132.9,86.23,53.79,2,88.05,0,15.63
ASSET-1269,Streetlight,East,Composite,9.16,45.26,101.37,1728.48,26.61,6,67.06,65.94,77.55,33.46,2,57.51,1,29.51
ASSET-1270,Electrical Pole,Industrial,Composite,14.6,53.5,95.87,1017.01,23.17,3,188.53,199.4,100.0,38.21,0,100.0,1,26.37
ASSET-1271,Road,Central,Copper,22.14,74.8,112.76,1573.81,29.82,1,149.4,47.51,68.86,20.49,2,64.01,1,19.81
ASSET-1272,Road,North,Copper,22.81,60.75,76.8,1043.4,33.28,6,28.26,26.91,58.92,55.9,3,41.36,1,12.89
ASSET-1273,Streetlight,Central,Concrete,21.07,91.69,107.46,2052.9,33.99,2,104.8,183.48,73.87,53.33,2,10.0,1,15.79
ASSET-1274,Electrical Pole,Industrial,Composite,4.87,11.25,100.26,1344.29,27.55,2,173.93,251.63,49.41,5.68,1,90.25,1,30.87
ASSET-1275,Drainage,Industrial,Copper,35.0,66.27,73.1,1732.11,20.93,2,0.0,190.24,60.66,36.93,0,61.06,1,9.03
ASSET-1276,Bridge,South,Copper,1.0,76.76,110.66,1032.8,30.06,2,125.79,259.48,20.0,26.06,1,54.47,0,25.17
ASSET-1277,Bridge,North,Steel,32.57,32.52,76.37,200.0,38.59,3,84.93,174.75,83.45,41.95,5,66.17,1,12.13
ASSET-1278,Streetlight,North,Copper,13.35,43.77,83.22,298.9,25.36,5,70.93,99.26,99.29,6.47,0,37.25,0,35.81
ASSET-1279,Streetlight,North,PVC,2.6,62.72,84.18,1068.19,35.38,2,182.01,331.13,63.8,49.74,1,74.63,0,26.08
ASSET-1280,Pipeline,North,Steel,2.29,22.09,83.26,666.65,20.35,3,177.6,139.23,57.17,27.97,0,41.19,0,29.54
ASSET-1281,Drainage,East,PVC,1.87,56.39,77.94,1779.77,11.97,2,265.03,86.04,67.74,10.68,0,85.85,1,33.45
ASSET-1282,Electrical Pole,South,Concrete,19.71,57.67,44.11,1415.24,35.42,6,173.47,67.05,77.64,48.35,0,37.82,1,17.04
ASSET-1283,Road,South,PVC,26.88,72.52,48.54,1677.01,25.86,5,69.24,244.52,87.19,27.97,1,46.33,1,19.9
ASSET-1284,Pipeline,Central,Composite,34.52,52.59,67.34,770.5,26.14,5,13.13,364.77,77.56,44.33,1,58.35,1,10.67
ASSET-1285,Streetlight,South,Copper,16.52,75.36,94.76,1660.23,21.1,4,55.69,301.65,56.99,28.5,1,51.63,0,21.88
ASSET-1286,Pipeline,West,Steel,25.22,48.67,136.82,708.91,26.52,2,153.68,178.41,69.21,58.77,0,68.56,1,9.98
ASSET-1287,Bridge,South,Composite,10.31,57.25,59.13,802.49,24.26,7,128.06,345.47,75.97,27.26,3,65.87,1,28.44
ASSET-1288,Drainage,East,PVC,11.57,64.41,86.22,200.0,33.42,6,267.04,222.21,67.52,51.7,2,87.49,1,18.37
ASSET-1289,Electrical Pole,East,Asphalt,17.55,51.69,73.53,1522.48,11.07,5,167.03,238.51,74.49,65.66,2,47.07,1,14.65
ASSET-1290,Pipeline,East,Asphalt,12.11,37.41,111.54,599.92,34.75,6,49.68,161.45,72.3,52.68,3,27.66,1,23.01
ASSET-1291,Bridge,Industrial,Copper,14.82,49.68,52.98,908.93,28.85,3,0.0,467.41,76.79,37.23,0,62.69,1,26.0
ASSET-1292,Pipeline,South,Copper,16.36,17.23,62.89,1676.96,42.5,4,208.25,164.42,70.44,56.82,3,81.42,1,15.7
ASSET-1293,Electrical Pole,Industrial,Concrete,7.34,53.66,103.33,1044.19,28.49,5,200.22,348.59,66.07,7.72,2,91.91,0,31.21
ASSET-1294,Road,Central,Composite,13.23,68.74,115.87,1314.87,25.06,2,0.0,68.81,64.97,56.95,1,48.66,1,21.04
ASSET-1295,Streetlight,Central,Asphalt,9.09,68.14,135.75,1838.06,30.46,1,91.87,374.73,92.2,4.25,1,64.54,0,37.55
ASSET-1296,Bridge,North,Copper,10.38,10.0,97.96,727.35,17.95,3,109.31,179.09,56.09,30.6,0,63.6,1,24.52
ASSET-1297,Streetlight,West,Composite,1.0,49.21,122.58,564.4,31.45,6,0.0,164.86,20.24,32.64,1,13.31,0,26.42
ASSET-1298,Pipeline,West,Steel,37.25,60.72,69.53,2079.23,8.84,1,0.0,360.1,77.98,48.19,1,68.33,0,8.32
ASSET-1299,Streetlight,Industrial,PVC,18.78,60.42,98.23,834.84,24.58,4,128.84,32.22,47.79,56.66,1,68.53,1,11.55
ASSET-1300,Streetlight,Central,Concrete,7.08,25.54,69.69,1066.46,19.01,6,,364.89,,0.0,3,30.83,1,36.63
ASSET-1301,Streetlight,North,Composite,20.31,39.51,159.28,2063.76,18.32,3,139.57,266.34,72.52,14.5,0,57.92,1,23.15
ASSET-1302,Streetlight,Industrial,Steel,30.34,63.56,71.8,1589.02,21.52,5,322.16,144.12,86.43,20.09,1,58.53,0,13.86
ASSET-1303,Bridge,West,Steel,16.06,95.0,85.8,1552.11,7.63,4,211.36,127.24,26.82,34.23,1,71.03,1,12.51
ASSET-1304,Streetlight,Industrial,Steel,38.11,47.4,69.31,499.85,26.78,4,76.35,257.87,80.38,35.86,0,49.33,0,9.09
ASSET-1305,Drainage,East,Concrete,1.0,59.72,95.79,1313.09,29.54,4,111.17,184.87,46.72,23.33,1,44.75,1,30.82
ASSET-1306,Drainage,South,Concrete,26.6,41.83,101.49,1269.94,31.72,5,175.52,0.0,93.49,65.55,0,62.26,1,11.59
ASSET-1307,Bridge,North,Composite,9.09,16.03,72.84,875.92,21.81,2,61.33,178.9,58.14,45.87,2,100.0,1,23.7
ASSET-1308,Pipeline,West,Asphalt,29.26,59.86,76.39,1376.25,27.94,2,182.7,40.19,67.6,46.12,1,54.28,0,8.81
ASSET-1309,Road,North,Composite,16.62,38.29,130.22,589.18,27.86,4,44.11,187.31,55.63,62.82,0,46.23,1,14.93
ASSET-1310,Electrical Pole,Central,Composite,5.76,27.85,142.74,1525.66,26.26,2,192.61,97.58,86.29,17.55,0,71.65,0,34.14
ASSET-1311,Electrical Pole,East,Copper,26.64,66.95,63.51,931.96,26.41,2,229.68,0.0,57.98,24.81,0,32.87,0,12.23
ASSET-1312,Bridge,West,Composite,24.25,55.61,142.19,2127.14,28.9,4,125.27,0.0,46.9,37.01,2,63.21,1,11.56
ASSET-1313,Streetlight,Industrial,Concrete,9.08,73.75,139.47,1762.79,33.91,2,206.07,194.58,81.21,42.31,1,42.52,1,25.68
ASSET-1314,Drainage,South,Copper,17.18,74.74,81.76,1736.01,31.63,3,231.1,144.45,99.17,43.68,1,42.02,1,22.47
ASSET-1315,Pipeline,West,Asphalt,17.12,50.92,57.25,1069.43,17.77,5,224.5,57.31,100.0,32.43,0,71.64,0,25.04
ASSET-1316,Road,Central,Steel,13.54,53.37,82.87,709.96,31.52,3,5.07,235.11,50.3,11.93,3,36.47,1,27.09
ASSET-1317,Bridge,North,Copper,1.0,67.46,85.88,1069.41,22.17,4,59.78,327.61,45.43,43.9,2,44.33,1,27.5
ASSET-1318,Bridge,South,Steel,7.76,75.34,65.27,836.0,32.99,4,0.0,354.71,62.46,26.94,1,69.25,1,30.42
ASSET-1319,Streetlight,Industrial,Concrete,37.61,21.8,119.78,1645.81,23.77,5,194.74,41.8,100.0,3.82,0,53.29,0,17.01
ASSET-1320,Drainage,East,Composite,37.25,48.83,94.04,2059.25,22.3,1,86.62,317.08,73.28,73.61,2,46.39,1,1.0
ASSET-1321,Electrical Pole,West,Asphalt,18.51,37.94,74.95,3500.0,34.17,5,70.15,336.96,91.79,72.63,4,31.38,1,17.64
ASSET-1322,Bridge,Industrial,Asphalt,6.9,34.92,66.68,1394.07,19.9,8,272.37,179.35,100.0,64.76,0,21.83,1,24.77
ASSET-1323,Road,South,Copper,15.82,42.11,101.2,1253.54,25.57,5,23.0,221.14,64.09,39.0,2,35.96,1,22.2
ASSET-1324,Bridge,Industrial,Copper,15.19,52.63,79.57,1739.9,18.52,2,63.21,289.21,63.14,44.2,4,56.65,1,20.63
ASSET-1325,Streetlight,South,Concrete,29.12,88.43,125.82,1189.92,30.78,1,57.6,119.53,100.0,18.75,0,39.21,1,22.71
ASSET-1326,Bridge,Central,Asphalt,23.6,57.85,127.6,1602.76,12.58,2,229.23,159.67,93.38,32.01,0,52.54,0,19.3
ASSET-1327,Streetlight,Industrial,Concrete,8.32,43.69,101.03,1506.96,10.69,3,73.07,115.16,74.39,23.99,3,79.39,0,31.31
ASSET-1328,Electrical Pole,Industrial,PVC,29.82,45.1,66.13,1249.22,23.65,2,25.94,175.85,64.73,48.77,2,77.81,0,10.5
ASSET-1329,Bridge,West,Copper,5.41,63.02,73.18,467.75,21.14,6,90.21,336.55,81.88,27.12,3,66.02,0,33.72
ASSET-1330,Drainage,South,Steel,8.67,92.18,102.78,1211.28,17.3,6,161.38,242.92,62.86,51.68,2,45.96,0,21.68
ASSET-1331,Streetlight,South,Copper,3.83,66.63,47.8,1291.21,20.97,6,88.57,290.73,62.74,55.0,4,38.78,0,25.84
ASSET-1332,Bridge,Central,Composite,20.92,95.0,97.0,1237.07,32.1,4,0.0,293.23,35.95,26.66,3,51.58,1,16.49
ASSET-1333,Bridge,Industrial,Composite,11.06,72.59,69.47,466.66,27.47,3,20.51,243.7,80.36,27.8,1,66.47,1,30.75
ASSET-1334,Drainage,Central,Copper,29.9,49.34,114.64,1539.12,32.91,4,47.01,133.75,78.17,71.37,0,72.49,1,7.93
ASSET-1335,Drainage,West,Steel,14.72,57.21,140.46,1658.58,13.83,2,220.5,194.19,51.32,18.62,2,75.9,1,20.8
ASSET-1336,Bridge,Central,Copper,18.18,95.0,119.72,1053.91,17.66,2,146.83,131.12,100.0,64.33,2,36.78,0,19.47
ASSET-1337,Bridge,Central,Concrete,11.28,80.11,78.11,1873.29,29.27,4,63.77,170.58,75.41,55.65,0,53.27,1,23.27
ASSET-1338,Streetlight,Central,Concrete,18.45,68.25,67.75,410.06,31.07,0,222.8,164.41,44.14,25.39,2,48.41,0,15.5
ASSET-1339,Streetlight,Central,Concrete,18.2,69.8,88.93,637.77,22.31,6,254.81,0.0,91.64,40.0,2,48.09,1,20.66
ASSET-1340,Electrical Pole,South,Copper,1.0,66.69,66.77,367.02,13.13,5,131.16,258.25,84.04,26.58,1,48.79,0,36.49
ASSET-1341,Road,Industrial,Composite,15.9,35.65,106.71,1845.07,17.65,6,129.08,204.11,41.41,0.0,1,72.22,1,23.74
ASSET-1342,Drainage,East,Concrete,11.29,88.4,117.05,655.0,25.28,8,20.59,232.83,66.19,49.14,3,51.05,1,23.77
ASSET-1343,Drainage,South,Asphalt,29.19,95.0,96.99,1670.93,19.69,4,105.87,259.69,93.68,32.81,3,85.54,0,17.75
ASSET-1344,Drainage,East,Copper,26.47,44.68,76.65,712.57,33.54,1,174.15,71.89,86.82,35.34,3,78.55,0,16.55
ASSET-1345,Electrical Pole,Central,Concrete,32.35,84.22,99.31,504.72,15.53,0,33.31,186.88,61.93,31.4,2,52.53,1,11.56
ASSET-1346,Pipeline,West,Steel,6.78,53.94,68.05,1037.53,37.08,3,261.68,323.16,61.57,12.78,1,78.76,0,28.55
ASSET-1347,Road,East,Copper,13.1,73.16,131.25,735.58,18.92,5,132.15,111.39,65.66,33.59,0,71.78,0,23.29
ASSET-1348,Drainage,East,Steel,13.21,10.0,94.28,755.06,40.2,2,32.19,230.79,60.11,19.41,2,39.27,1,27.05
ASSET-1349,Electrical Pole,North,Copper,3.43,89.52,112.38,1041.47,24.97,5,197.87,104.4,78.59,24.87,1,60.89,0,32.81
ASSET-1350,Streetlight,,Asphalt,17.93,69.71,109.61,295.1,12.78,3,,94.84,68.25,24.27,0,61.21,0,19.55
ASSET-1351,Electrical Pole,East,Asphalt,32.01,64.12,70.89,2851.94,25.71,2,232.97,133.09,100.0,17.59,3,61.62,1,17.42
ASSET-1352,Bridge,West,Composite,30.91,93.04,61.02,1965.46,12.32,1,55.73,230.36,72.59,31.66,1,68.64,1,13.98
ASSET-1353,Pipeline,Central,Asphalt,24.68,76.88,149.6,1187.18,20.31,5,28.46,112.13,89.99,32.52,0,31.18,0,21.85
ASSET-1354,Streetlight,East,Composite,18.49,77.84,128.86,1266.53,43.08,3,108.91,0.0,63.95,52.04,3,43.06,1,15.98
ASSET-1355,Bridge,West,Copper,22.62,75.94,95.34,200.0,27.23,5,44.21,154.58,51.2,0.0,3,57.93,1,22.5
ASSET-1356,Drainage,South,PVC,33.98,72.15,84.37,1150.09,30.1,5,145.81,290.56,66.66,15.06,1,61.69,0,12.28
ASSET-1357,Drainage,East,PVC,5.98,28.27,108.42,956.19,23.51,3,241.65,306.18,49.73,24.34,2,68.83,0,25.06
ASSET-1358,Electrical Pole,West,Composite,17.59,32.25,74.52,889.94,27.49,7,65.05,77.4,70.05,55.63,0,84.17,1,17.87
ASSET-1359,Electrical Pole,North,Composite,16.28,40.31,46.99,1623.91,23.46,4,47.94,148.09,63.24,32.99,0,30.38,1,22.43
ASSET-1360,Electrical Pole,South,Concrete,45.28,27.73,100.44,200.0,7.03,4,133.95,306.15,79.19,32.0,0,84.98,1,3.48
ASSET-1361,Drainage,East,Copper,27.29,30.07,96.14,1286.43,21.89,5,186.54,160.95,66.94,64.98,2,59.3,1,6.22
ASSET-1362,Electrical Pole,Industrial,Concrete,1.71,61.88,115.94,200.0,27.27,3,102.33,89.26,69.33,62.84,0,75.38,1,26.67
ASSET-1363,Electrical Pole,North,Concrete,9.94,70.18,95.05,1411.21,25.06,5,0.0,38.02,79.51,0.0,0,57.02,0,37.35
ASSET-1364,Drainage,Central,Asphalt,9.72,41.17,103.15,1805.58,16.37,2,61.5,0.0,74.55,53.69,3,42.33,1,24.65
ASSET-1365,Pipeline,South,PVC,5.48,55.43,119.88,1292.91,27.6,6,60.87,158.0,100.0,31.06,0,45.95,1,36.73
ASSET-1366,Road,Industrial,Asphalt,8.62,62.14,68.12,1362.62,18.38,0,144.53,194.85,81.32,21.54,0,65.23,0,31.41
ASSET-1367,Drainage,Central,Composite,33.19,55.22,107.74,1007.05,11.11,5,192.67,251.08,68.72,46.94,2,87.16,1,5.9
ASSET-1368,Electrical Pole,Central,Concrete,27.89,56.28,55.75,1293.39,27.31,5,228.31,170.48,100.0,0.0,2,43.63,0,23.91
ASSET-1369,Bridge,Industrial,Asphalt,1.0,50.96,51.28,1103.14,25.31,6,0.0,270.84,73.77,55.58,0,34.02,1,31.46
ASSET-1370,Bridge,Industrial,Copper,5.83,29.16,109.33,2086.15,19.92,5,0.0,198.03,84.03,6.04,1,70.89,1,39.84
ASSET-1371,Road,Central,Copper,1.0,81.71,105.61,1630.04,21.29,0,162.73,171.74,72.58,56.75,2,92.58,0,27.76
ASSET-1372,Bridge,Central,Steel,19.54,41.18,89.35,1449.4,34.14,1,120.68,340.95,67.68,53.62,2,75.21,1,15.37
ASSET-1373,Pipeline,South,Composite,9.9,38.89,95.61,280.67,22.57,4,262.77,220.27,83.25,58.29,0,55.03,1,21.14
ASSET-1374,Bridge,North,PVC,42.25,53.42,128.49,1778.24,11.7,4,131.74,213.0,58.43,12.66,0,56.24,0,5.78
ASSET-1375,Pipeline,Industrial,Asphalt,29.85,91.35,136.9,1716.11,15.96,3,136.79,116.76,82.39,49.41,2,76.45,1,11.32
ASSET-1376,Bridge,Central,Concrete,8.95,73.66,74.13,635.44,29.79,6,159.04,182.08,77.58,37.73,0,35.63,0,26.97
ASSET-1377,Road,North,Copper,17.21,56.6,95.34,1605.66,23.06,5,108.43,362.34,73.45,81.81,2,54.15,1,12.64
ASSET-1378,Streetlight,Central,PVC,9.01,26.14,65.26,672.24,28.55,2,134.95,308.2,70.42,76.58,0,55.29,1,18.35
ASSET-1379,Pipeline,South,Copper,12.61,73.73,27.81,334.13,24.03,7,138.07,44.85,50.45,68.46,0,41.03,0,13.8
ASSET-1380,Drainage,West,Copper,32.77,75.22,133.22,629.97,11.27,4,146.81,216.46,98.61,0.32,2,38.26,1,21.81
ASSET-1381,Bridge,West,Copper,26.56,45.5,70.58,834.06,11.99,4,58.19,258.63,83.52,68.76,2,67.37,1,11.53
ASSET-1382,Road,Central,PVC,32.0,42.45,50.35,1320.06,12.2,8,236.44,396.4,73.12,46.01,0,73.89,1,6.83
ASSET-1383,Road,Central,PVC,5.84,10.0,71.28,326.72,38.3,7,7.77,309.17,89.12,3.6,0,47.56,0,41.08
ASSET-1384,Streetlight,East,Composite,25.48,30.42,92.03,788.44,29.26,3,77.18,158.67,100.0,26.66,0,68.5,0,23.29
ASSET-1385,Drainage,Central,Asphalt,16.56,26.7,161.94,988.51,21.6,4,258.41,12.03,76.97,76.75,1,35.76,0,11.74
ASSET-1386,Pipeline,West,Composite,11.82,59.14,134.92,996.4,32.44,1,4.5,131.72,97.88,36.38,1,63.01,1,31.98
ASSET-1387,Streetlight,North,Asphalt,29.09,42.8,115.65,701.47,42.85,2,49.41,234.97,73.44,41.54,1,38.37,1,13.56
ASSET-1388,Road,West,Composite,34.13,72.87,135.77,883.0,28.75,4,210.24,296.02,75.47,4.64,4,68.01,0,14.56
ASSET-1389,Bridge,Industrial,Composite,11.92,63.13,49.67,1833.21,11.76,3,139.56,283.88,73.92,47.7,1,57.42,1,22.63
ASSET-1390,Pipeline,West,PVC,18.85,51.22,44.4,739.01,27.2,3,107.54,147.66,56.46,25.14,1,58.09,1,19.79
ASSET-1391,Road,Industrial,PVC,21.93,51.39,64.11,361.15,45.0,1,78.51,231.7,78.5,45.42,0,62.29,1,18.12
ASSET-1392,Road,West,Composite,18.61,48.76,102.36,1833.22,24.8,3,205.45,276.14,100.0,0.0,2,68.83,0,30.86
ASSET-1393,Pipeline,North,Copper,9.14,60.03,126.53,702.5,28.98,5,34.32,165.77,77.42,19.08,0,55.57,0,33.04
ASSET-1394,Drainage,East,PVC,26.02,67.87,69.16,1591.3,17.48,0,90.63,292.3,83.81,34.97,0,50.98,1,18.07
ASSET-1395,Streetlight,East,Steel,19.09,33.63,84.56,1070.66,12.84,2,152.84,180.95,66.44,16.77,3,42.92,0,22.19
ASSET-1396,Electrical Pole,South,Asphalt,20.52,45.24,96.09,1474.57,12.67,3,215.26,356.15,69.66,35.83,4,78.43,0,16.7
ASSET-1397,Bridge,Industrial,Steel,11.83,42.62,123.7,593.38,34.79,4,161.42,154.33,60.66,64.24,1,50.6,0,16.56
ASSET-1398,Bridge,South,Steel,17.2,58.86,64.08,861.08,19.44,5,49.12,4.42,36.59,5.59,3,58.29,1,22.45
ASSET-1399,Streetlight,East,Steel,23.01,65.73,96.69,1155.13,34.4,4,231.93,242.08,60.88,25.06,0,79.92,0,15.2
ASSET-1400,Road,North,,13.95,39.03,104.59,1141.7,27.65,7,,182.7,,25.0,2,36.92,0,19.77
ASSET-1401,Drainage,Central,Concrete,39.41,55.29,96.47,800.01,29.47,1,293.19,311.74,89.72,7.19,1,79.76,0,11.26
ASSET-1402,Streetlight,North,Asphalt,23.93,34.96,75.5,928.84,19.57,7,0.0,245.59,48.74,15.77,0,48.12,1,18.87
ASSET-1403,Pipeline,West,Copper,33.11,60.3,59.05,1810.29,36.08,4,282.78,262.16,84.29,18.93,2,61.9,0,12.55
ASSET-1404,Drainage,South,Copper,23.2,41.31,98.84,709.88,5.68,5,0.0,190.72,77.99,41.53,1,62.88,1,19.49
ASSET-1405,Bridge,Central,Steel,22.71,69.7,147.0,1340.52,25.58,2,154.88,246.74,68.54,45.89,1,70.08,1,14.16
ASSET-1406,Drainage,West,Copper,27.13,72.97,98.54,576.02,19.49,5,315.9,145.93,80.21,23.88,0,45.83,1,14.35
ASSET-1407,Pipeline,West,Composite,1.0,82.07,28.1,1041.7,14.4,2,230.12,200.11,54.62,23.21,0,57.22,0,29.89
ASSET-1408,Drainage,North,Composite,19.73,92.91,37.51,1179.11,22.16,5,148.39,239.04,78.21,16.36,3,72.37,1,24.03
ASSET-1409,Pipeline,Industrial,Concrete,27.16,80.28,107.53,2088.6,28.4,3,119.47,177.62,62.65,67.64,1,59.71,1,6.35
ASSET-1410,Bridge,West,Copper,21.88,95.0,61.05,692.98,12.57,3,139.64,133.47,62.28,37.85,0,63.58,1,15.53
ASSET-1411,Pipeline,Central,PVC,29.14,68.54,121.43,1851.55,27.55,3,58.22,140.88,62.57,49.63,2,70.54,1,9.77
ASSET-1412,Pipeline,South,PVC,6.4,83.63,82.19,539.99,21.05,8,88.98,147.49,68.54,32.03,0,60.58,1,29.67
ASSET-1413,Streetlight,East,PVC,28.76,61.29,61.67,993.39,20.04,4,226.44,165.11,70.41,70.55,2,68.33,1,3.9
ASSET-1414,Drainage,South,Asphalt,37.58,64.8,35.4,1699.6,10.67,4,0.0,133.31,65.45,19.6,0,76.59,0,11.56
ASSET-1415,Pipeline,East,Asphalt,10.86,65.9,66.03,1086.3,27.91,2,15.06,229.19,92.22,33.42,0,60.8,1,32.01
ASSET-1416,Bridge,Central,Steel,18.55,59.86,20.0,558.54,17.39,4,134.87,243.62,76.64,8.99,3,80.89,0,26.31
ASSET-1417,Electrical Pole,South,Concrete,5.42,61.65,77.14,1283.32,34.48,8,180.1,209.49,65.88,38.64,3,57.2,0,26.73
ASSET-1418,Bridge,Central,Asphalt,9.14,22.61,110.39,1348.37,19.19,6,86.26,166.54,71.7,27.98,1,78.73,0,29.19
ASSET-1419,Bridge,South,Composite,6.58,64.77,100.16,1292.26,32.85,4,158.42,251.59,62.92,40.98,1,55.61,1,25.36
ASSET-1420,Road,South,Asphalt,14.78,64.42,97.45,1436.73,24.84,0,122.51,186.35,76.37,23.13,0,69.24,0,26.32
ASSET-1421,Electrical Pole,Central,Copper,15.26,58.42,86.56,1196.36,20.96,2,157.9,119.69,74.95,43.21,0,36.33,0,21.01
ASSET-1422,Drainage,East,PVC,42.26,44.44,113.7,2363.68,32.11,3,114.63,96.74,87.87,46.33,0,39.24,0,4.68
ASSET-1423,Streetlight,North,Asphalt,4.79,74.73,98.61,1328.99,17.59,1,197.01,184.2,88.33,27.28,1,70.84,1,33.15
ASSET-1424,Bridge,North,Steel,25.32,70.95,86.14,1568.73,34.98,3,78.92,314.27,60.22,47.59,1,24.85,0,12.02
ASSET-1425,Drainage,Industrial,Concrete,29.29,10.0,35.48,1516.4,29.74,2,131.83,0.0,84.73,39.99,1,58.38,1,14.11
ASSET-1426,Pipeline,East,PVC,22.93,54.42,38.78,2517.8,35.81,1,92.39,156.4,91.42,0.0,0,26.31,0,28.56
ASSET-1427,Streetlight,East,PVC,15.15,45.55,97.39,837.08,18.24,5,156.37,235.14,68.82,23.57,1,67.02,1,23.94
ASSET-1428,Road,East,Composite,1.0,62.88,104.27,1237.29,23.66,0,84.81,358.94,72.23,28.85,1,64.39,0,34.84
ASSET-1429,Bridge,Central,Copper,24.59,50.42,107.75,2205.99,34.06,8,67.46,347.62,57.77,42.07,2,48.81,1,13.42
ASSET-1430,Streetlight,South,PVC,18.88,73.21,73.69,2201.63,12.54,7,200.11,171.03,64.75,24.86,1,57.13,1,19.46
ASSET-1431,Electrical Pole,Central,Asphalt,30.55,94.37,100.98,692.62,20.09,3,37.59,62.11,100.0,41.05,0,72.7,0,17.65
ASSET-1432,Drainage,North,Asphalt,6.22,33.08,70.91,2192.71,22.72,0,216.81,149.36,38.71,28.67,2,65.27,0,22.54
ASSET-1433,Drainage,Industrial,Steel,35.98,37.94,96.4,780.26,11.12,5,157.06,208.37,79.68,21.29,0,58.68,0,11.76
ASSET-1434,Electrical Pole,East,Asphalt,29.61,87.16,118.86,1217.5,27.43,4,37.92,182.46,47.97,32.52,3,72.81,1,10.65
ASSET-1435,Streetlight,West,Concrete,8.77,53.55,69.97,1162.49,34.37,5,318.73,299.25,75.67,48.54,1,37.7,1,21.4
ASSET-1436,Pipeline,South,PVC,31.06,75.18,87.77,1364.36,36.17,5,2.95,204.36,68.98,57.26,3,81.73,1,9.16
ASSET-1437,Pipeline,Industrial,PVC,6.82,39.32,128.42,845.01,11.31,5,76.22,358.98,77.33,38.21,0,86.64,0,29.98
ASSET-1438,Drainage,East,Asphalt,21.59,46.83,71.18,1155.92,16.2,6,0.0,166.05,82.98,41.84,0,69.88,0,21.46
ASSET-1439,Pipeline,Industrial,Copper,9.14,54.55,114.56,1477.75,18.92,6,126.94,254.3,99.52,57.35,3,61.47,1,27.51
ASSET-1440,Drainage,West,Steel,25.94,59.27,58.72,1381.65,27.31,5,109.76,103.85,83.82,8.73,3,53.83,1,22.99
ASSET-1441,Road,South,Composite,20.46,66.17,112.72,354.61,32.42,4,69.18,105.03,65.99,9.03,4,84.75,1,24.37
ASSET-1442,Pipeline,Industrial,Composite,22.52,50.53,89.09,1654.84,40.82,2,30.59,334.76,39.83,14.83,1,29.91,0,17.83
ASSET-1443,Bridge,South,Asphalt,29.12,72.14,77.76,1967.77,38.04,3,83.95,405.96,84.98,40.13,3,63.43,1,15.21
ASSET-1444,Road,West,Copper,12.94,56.6,126.16,200.0,22.41,6,79.05,334.61,97.47,33.69,0,52.83,1,30.17
ASSET-1445,Drainage,Central,Concrete,44.65,92.49,98.76,835.11,26.05,4,20.53,188.0,95.8,0.0,2,82.75,1,15.58
ASSET-1446,Streetlight,South,Concrete,12.39,88.88,74.29,1464.65,22.24,3,70.62,249.86,87.28,33.71,0,65.26,0,28.88
ASSET-1447,Drainage,East,Steel,22.22,50.67,151.02,261.64,5.04,2,176.83,74.42,54.34,54.02,2,64.79,1,9.89
ASSET-1448,Pipeline,West,Composite,25.81,46.5,83.63,1685.87,12.9,0,85.34,273.09,76.6,52.15,0,63.68,1,13.58
ASSET-1449,Streetlight,South,Concrete,24.54,27.98,120.86,1133.09,45.0,0,229.53,140.58,42.89,24.46,1,76.67,1,11.06
ASSET-1450,Pipeline,East,Asphalt,35.22,83.44,66.04,1878.1,28.52,2,,109.02,72.67,20.41,0,66.62,1,12.28
ASSET-1451,Streetlight,East,Copper,24.29,51.25,136.03,1043.74,22.28,5,109.41,188.48,26.63,35.33,0,36.02,1,8.54
ASSET-1452,Electrical Pole,Central,Steel,4.65,34.15,78.53,908.1,30.98,4,0.0,188.33,77.73,28.43,1,61.43,0,35.05
ASSET-1453,Drainage,Industrial,Composite,25.65,23.5,87.67,2105.0,37.75,5,162.95,345.46,100.0,32.42,0,53.13,0,20.3
ASSET-1454,Streetlight,West,Copper,48.97,23.61,80.88,352.39,26.12,1,111.3,0.0,83.12,59.45,0,55.57,0,1.0
ASSET-1455,Streetlight,East,PVC,16.37,58.62,93.85,1660.87,36.1,2,95.25,270.16,46.41,0.0,1,66.93,0,24.99
ASSET-1456,Bridge,North,Asphalt,10.78,43.43,72.19,679.84,31.24,1,98.76,89.47,45.8,52.4,0,61.39,1,18.24
ASSET-1457,Drainage,East,Steel,2.92,40.16,117.68,2752.36,7.21,3,152.98,118.39,87.29,17.67,1,48.6,1,37.07
ASSET-1458,Road,Central,Steel,30.19,41.47,84.44,1767.41,15.75,4,0.0,71.21,78.88,15.19,0,66.88,1,20.03
ASSET-1459,Drainage,Central,Concrete,12.21,71.46,101.47,1461.41,36.17,4,243.11,271.13,62.58,60.86,1,50.9,0,15.68
ASSET-1460,Drainage,West,PVC,20.78,77.25,108.65,2293.44,34.78,5,37.91,162.03,73.29,48.93,2,61.05,1,18.1
ASSET-1461,Drainage,East,Copper,19.2,69.41,69.24,2217.31,6.58,6,116.39,280.26,78.55,41.92,2,72.56,1,19.99
ASSET-1462,Road,Central,PVC,14.71,75.7,62.47,1196.8,32.52,5,156.86,140.66,88.14,21.61,4,56.48,1,28.11
ASSET-1463,Streetlight,West,Asphalt,2.6,31.11,96.31,1283.9,42.73,1,123.16,74.06,63.13,68.68,0,68.57,1,23.34
ASSET-1464,Electrical Pole,Industrial,Composite,21.93,54.52,110.58,503.99,39.91,7,123.77,422.31,64.82,43.01,3,49.74,1,15.24
ASSET-1465,Drainage,South,PVC,4.18,22.77,156.82,882.59,23.33,1,195.87,101.84,63.16,40.99,0,54.79,1,26.33
ASSET-1466,Electrical Pole,South,Copper,32.02,63.57,98.92,1328.92,21.5,7,55.03,201.09,74.07,55.18,3,57.42,1,8.78
ASSET-1467,Streetlight,Industrial,Composite,20.91,61.57,26.84,246.61,19.55,2,24.06,254.96,72.04,30.71,0,57.2,1,21.71
ASSET-1468,Electrical Pole,Industrial,Copper,1.0,51.74,96.9,1345.15,10.92,4,36.69,98.75,84.92,75.28,1,43.29,0,28.8
ASSET-1469,Drainage,South,Concrete,19.89,73.78,113.63,2845.87,18.56,4,243.91,328.62,36.9,34.93,3,100.0,1,10.85
ASSET-1470,Pipeline,North,Composite,25.04,47.64,64.72,2531.25,31.56,2,103.75,211.02,81.79,17.01,0,28.25,0,21.72
ASSET-1471,Drainage,East,Composite,28.4,48.17,108.99,2053.36,26.98,3,135.51,186.32,94.43,41.22,0,76.86,0,16.16
ASSET-1472,Bridge,East,Concrete,30.3,28.23,140.98,1418.83,27.55,6,74.64,275.42,65.22,5.5,0,68.21,1,17.94
ASSET-1473,Streetlight,North,Steel,8.55,87.2,130.68,2000.06,26.12,4,24.5,279.58,78.84,46.35,4,47.09,0,28.45
ASSET-1474,Pipeline,East,Steel,16.74,61.53,66.94,1087.44,29.44,3,224.72,28.91,92.21,48.22,0,41.36,0,20.74
ASSET-1475,Electrical Pole,North,Steel,1.0,39.1,126.42,1166.35,35.47,2,176.57,108.25,54.62,32.86,0,30.23,1,29.03
ASSET-1476,Road,West,Steel,16.18,57.13,133.05,1762.08,35.98,5,146.61,57.11,74.7,46.94,3,70.35,1,19.8
ASSET-1477,Pipeline,West,PVC,30.4,34.36,85.21,1457.61,35.45,3,113.4,248.71,51.73,67.15,0,23.47,1,2.33
ASSET-1478,Road,East,Concrete,18.1,88.97,112.59,1650.65,25.37,3,0.0,0.0,75.53,61.25,2,69.22,0,18.68
ASSET-1479,Bridge,North,PVC,33.84,61.58,91.32,708.89,43.2,5,44.51,62.88,94.56,14.25,4,10.0,1,19.59
ASSET-1480,Road,Central,Asphalt,32.23,64.74,98.56,1094.72,42.02,5,47.74,8.11,75.19,34.98,0,57.0,1,13.02
ASSET-1481,Pipeline,West,Concrete,12.26,55.19,116.78,2095.57,33.18,2,149.51,186.31,48.02,42.96,4,58.58,1,18.48
ASSET-1482,Electrical Pole,South,Asphalt,2.06,55.61,58.59,1718.16,29.72,3,93.51,158.78,72.15,19.56,0,78.5,0,35.76
ASSET-1483,Drainage,South,Composite,14.15,58.34,103.56,1393.21,14.44,0,72.9,219.57,58.9,27.9,4,24.78,0,23.66
ASSET-1484,Bridge,West,Composite,10.45,92.93,93.66,776.41,35.52,4,92.14,199.24,60.15,14.65,1,39.8,0,28.74
ASSET-1485,Streetlight,Industrial,Steel,18.11,62.09,120.59,1876.75,21.35,4,159.4,212.78,63.37,14.44,2,27.28,1,22.65
ASSET-1486,Electrical Pole,East,PVC,15.32,10.0,54.91,673.72,34.87,5,75.69,252.94,87.98,31.79,0,54.26,1,27.24
ASSET-1487,Electrical Pole,North,Composite,17.02,30.35,106.01,1367.89,29.01,4,178.39,162.07,75.63,27.05,0,82.09,0,22.72
ASSET-1488,Streetlight,North,PVC,1.0,72.54,76.38,749.98,27.35,1,54.72,95.09,68.01,18.92,3,90.35,1,36.66
ASSET-1489,Pipeline,South,PVC,1.0,65.89,120.76,1525.79,19.08,3,60.14,137.97,50.22,32.7,0,54.4,0,30.6
ASSET-1490,Electrical Pole,South,Concrete,5.51,59.14,74.62,1374.35,34.73,7,0.0,96.58,66.54,44.21,0,40.32,1,29.28
ASSET-1491,Drainage,East,Concrete,19.3,56.7,106.33,1466.21,28.05,4,124.46,246.48,31.69,65.89,0,38.58,1,6.53
ASSET-1492,Pipeline,Central,Concrete,15.73,68.45,20.0,1183.13,32.13,5,64.21,149.92,60.91,27.15,0,41.99,1,23.24
ASSET-1493,Bridge,North,Concrete,22.34,57.63,109.75,1328.41,31.34,5,0.0,94.57,67.84,34.55,0,74.42,1,19.66
ASSET-1494,Electrical Pole,West,Composite,37.8,58.72,97.53,1709.67,8.21,4,198.32,115.68,49.92,31.28,1,41.64,0,2.3
ASSET-1495,Pipeline,North,Steel,38.96,45.43,60.39,1143.83,33.17,4,158.85,92.85,98.78,46.23,3,64.57,1,8.09
ASSET-1496,Road,Industrial,Copper,26.25,37.54,80.26,2007.89,39.04,1,139.98,136.91,59.45,40.7,3,66.13,1,11.39
ASSET-1497,Electrical Pole,North,Concrete,14.8,65.3,84.2,1447.27,37.57,0,183.78,26.09,94.11,22.26,0,70.51,0,28.45
ASSET-1498,Bridge,Industrial,Copper,21.64,35.02,57.41,1087.51,14.16,1,129.25,83.41,79.68,64.8,1,60.34,0,13.65
ASSET-1499,Bridge,West,Steel,38.18,31.25,130.74,1842.51,32.69,6,142.45,121.71,91.7,57.66,3,58.8,1,5.4
ASSET-1500,Streetlight,,PVC,30.84,58.83,123.27,1814.61,21.13,4,,278.5,,50.71,0,76.57,0,22.39
ASSET-1501,Drainage,Industrial,Steel,21.22,39.37,115.74,845.78,31.75,3,0.0,81.76,64.25,62.36,2,87.23,1,14.24
ASSET-1502,Drainage,East,Composite,34.54,44.3,89.35,953.23,18.96,0,118.82,51.44,71.38,77.32,0,61.51,1,1.0
ASSET-1503,Road,West,Composite,27.07,60.61,103.77,982.56,22.91,2,187.68,5.85,89.48,6.93,2,51.63,1,22.02
ASSET-1504,Pipeline,Central,Composite,5.68,66.59,122.86,937.15,31.49,0,14.35,309.24,67.97,0.0,0,41.38,0,37.97
ASSET-1505,Streetlight,South,Copper,16.34,47.58,100.37,1158.32,37.24,4,156.61,296.52,65.0,9.76,3,60.45,1,25.18
ASSET-1506,Electrical Pole,West,PVC,19.39,42.33,76.49,1708.03,33.86,5,183.44,236.9,74.37,31.49,3,51.27,0,19.85
ASSET-1507,Streetlight,Central,Steel,21.7,38.92,75.22,1058.31,17.76,5,12.16,189.92,74.39,0.0,0,62.6,1,27.96
ASSET-1508,Bridge,West,PVC,22.29,50.91,115.31,1134.41,25.12,4,194.16,112.43,63.24,21.62,1,83.67,0,17.57
ASSET-1509,Streetlight,East,Asphalt,23.73,32.38,76.99,1423.66,16.84,2,227.6,118.66,89.18,60.11,0,41.98,1,12.87
ASSET-1510,Electrical Pole,Central,Asphalt,15.24,33.23,98.63,1076.61,28.25,6,185.4,228.92,36.61,43.87,4,10.0,1,13.44
ASSET-1511,Road,Central,PVC,24.89,51.81,69.51,1680.68,40.39,5,90.3,85.65,74.6,52.46,0,52.77,0,13.71
ASSET-1512,Bridge,East,Composite,46.22,76.57,129.5,323.83,18.64,4,39.91,340.04,97.39,24.33,4,57.92,1,9.51
ASSET-1513,Streetlight,West,Steel,43.89,57.89,112.29,2039.94,36.5,5,108.71,231.41,57.31,38.04,0,25.94,1,1.0
ASSET-1514,Drainage,Central,Steel,18.5,80.25,122.77,1150.85,40.72,2,0.0,0.0,50.74,51.33,0,66.3,0,15.92
ASSET-1515,Pipeline,West,Composite,34.46,33.0,109.35,1523.38,17.25,6,96.98,141.62,100.0,45.46,2,82.39,1,12.85
ASSET-1516,Road,Central,Composite,11.5,80.0,79.94,873.23,22.55,2,185.77,206.72,63.16,48.49,1,52.09,1,19.91
ASSET-1517,Bridge,South,Concrete,18.49,64.27,106.7,982.05,32.62,3,67.6,33.2,89.7,35.25,1,76.82,1,24.8
ASSET-1518,Drainage,South,Concrete,13.23,27.51,97.09,1384.78,22.63,6,0.0,292.01,86.24,44.14,0,81.11,1,27.43
ASSET-1519,Electrical Pole,West,Composite,7.74,44.85,89.88,1444.45,30.75,5,185.27,205.29,79.49,13.18,0,74.12,0,32.55
ASSET-1520,Streetlight,Industrial,Copper,26.37,69.48,79.57,1746.3,14.55,6,99.13,348.42,44.61,70.27,0,51.17,1,3.53
ASSET-1521,Pipeline,South,Copper,19.95,41.06,92.83,757.42,18.69,4,47.87,103.18,47.29,24.92,3,42.77,1,18.61
ASSET-1522,Road,South,Composite,10.68,58.88,83.88,2536.89,23.54,4,195.5,272.46,76.2,31.78,4,56.2,1,25.97
ASSET-1523,Road,West,Composite,13.58,42.08,43.2,1692.97,3.87,3,103.61,404.0,39.03,16.98,1,54.44,1,22.05
ASSET-1524,Streetlight,Industrial,Asphalt,12.5,53.38,57.21,1414.32,4.11,3,71.97,281.63,100.0,28.38,3,52.31,0,32.13
ASSET-1525,Electrical Pole,North,Copper,8.34,89.92,110.62,1202.66,31.18,4,114.46,47.36,67.13,47.47,1,74.24,1,24.46
ASSET-1526,Road,Industrial,Concrete,21.84,37.44,55.42,1105.69,20.28,4,62.55,118.46,90.96,37.96,0,58.32,0,22.24
ASSET-1527,Road,South,Copper,31.79,60.88,112.79,748.66,34.24,8,56.68,61.81,75.16,52.51,1,39.04,1,9.64
ASSET-1528,Electrical Pole,South,Copper,16.91,66.96,82.79,1564.35,35.48,4,117.76,262.93,56.59,15.91,1,49.15,1,22.81
ASSET-1529,Bridge,Central,Composite,9.97,91.61,160.16,987.78,25.83,3,208.6,310.56,40.01,44.52,0,89.65,1,17.15
ASSET-1530,Electrical Pole,South,Copper,22.4,38.53,87.76,1026.61,29.73,6,28.14,363.88,100.0,17.49,1,88.79,0,28.26
ASSET-1531,Drainage,Industrial,Concrete,30.33,48.27,119.43,2998.32,25.95,2,133.79,204.66,62.56,43.83,0,46.02,0,8.59
ASSET-1532,Streetlight,East,Composite,25.58,19.9,122.1,200.0,9.42,3,142.95,312.53,73.04,30.07,2,42.32,1,16.37
ASSET-1533,Electrical Pole,West,Concrete,19.39,31.01,97.48,1122.1,17.76,4,132.68,297.55,43.1,33.48,0,73.66,1,14.84
ASSET-1534,Bridge,Central,Asphalt,25.54,65.16,73.89,1731.28,11.23,0,17.93,176.65,84.15,0.0,3,60.36,1,26.91
ASSET-1535,Electrical Pole,South,Copper,2.32,57.02,127.78,1559.66,34.89,1,86.88,87.53,100.0,47.79,5,49.58,0,35.08
ASSET-1536,Drainage,East,PVC,10.75,52.14,136.35,980.33,26.12,4,123.16,114.76,69.53,31.4,1,74.98,0,26.25
ASSET-1537,Pipeline,East,Asphalt,35.61,38.19,83.24,704.99,26.68,2,139.18,290.36,26.54,44.84,0,66.29,0,1.0
ASSET-1538,Drainage,Industrial,PVC,9.04,78.93,122.4,1541.01,32.14,2,70.43,255.24,58.18,63.91,1,67.03,1,19.95
ASSET-1539,Streetlight,Central,Steel,38.99,40.88,97.06,1832.51,33.56,3,78.66,156.69,98.06,29.42,1,50.32,1,12.9
ASSET-1540,Streetlight,Industrial,PVC,25.06,58.11,64.9,618.71,7.01,2,183.52,312.38,84.34,46.09,1,71.95,1,14.75
ASSET-1541,Drainage,West,Asphalt,20.86,91.09,92.05,2005.8,32.87,5,0.0,272.92,69.7,26.12,0,57.9,1,22.72
ASSET-1542,Road,East,Copper,18.34,28.94,50.8,1491.97,32.85,4,212.07,171.36,71.02,16.66,0,91.38,1,22.37
ASSET-1543,Bridge,East,Concrete,29.31,27.15,99.67,1139.97,22.53,3,150.5,261.82,79.24,32.59,1,74.86,1,14.22
ASSET-1544,Bridge,South,PVC,22.63,56.45,93.92,1407.16,20.78,5,33.93,138.85,83.0,12.34,0,59.14,1,25.95
ASSET-1545,Electrical Pole,East,Copper,1.04,29.02,117.7,1077.13,36.57,1,112.48,219.96,50.93,55.64,2,29.03,1,25.06
ASSET-1546,Streetlight,Central,Steel,17.62,62.72,77.3,312.08,27.51,8,89.04,336.92,58.46,39.31,2,57.85,1,18.55
ASSET-1547,Drainage,East,Steel,15.02,69.52,151.74,1380.35,20.36,3,321.58,193.49,61.3,12.1,0,64.54,1,21.67
ASSET-1548,Pipeline,Central,Steel,24.55,47.07,94.55,497.72,26.2,4,77.19,349.05,56.93,40.67,2,56.61,1,13.38
ASSET-1549,Pipeline,North,Copper,16.12,26.42,135.72,1098.06,29.84,5,69.74,160.25,96.02,12.66,4,44.59,1,32.07
ASSET-1550,Bridge,Industrial,Concrete,6.2,57.65,161.25,200.0,23.73,4,,218.19,59.08,23.01,1,37.66,0,29.24
ASSET-1551,Drainage,South,Asphalt,17.55,47.23,80.9,1392.3,8.61,3,305.39,71.39,95.14,36.09,0,34.23,0,21.51
ASSET-1552,Electrical Pole,Industrial,Copper,19.4,84.07,83.32,1151.42,34.09,4,0.0,189.89,99.22,34.26,0,64.99,0,27.43
ASSET-1553,Road,Central,Composite,16.02,18.42,44.62,1785.06,18.41,2,117.15,115.58,73.8,30.95,0,48.8,0,23.54
ASSET-1554,Electrical Pole,Central,Asphalt,22.43,55.84,92.54,2362.43,31.58,5,106.72,202.01,64.24,50.55,1,62.0,1,13.62
ASSET-1555,Road,East,PVC,19.61,54.64,180.0,800.03,18.92,5,72.39,150.86,52.44,44.83,2,52.33,0,15.3
ASSET-1556,Drainage,West,Concrete,25.15,17.84,73.79,1098.01,14.45,0,95.37,249.4,95.08,24.05,2,69.46,0,22.79
ASSET-1557,Bridge,Industrial,Composite,30.19,48.0,41.04,1242.11,15.88,2,95.9,146.11,74.55,49.06,0,65.12,0,10.56
ASSET-1558,Road,Industrial,Composite,18.15,73.71,89.34,1152.64,21.63,3,57.32,91.74,85.96,13.34,1,76.28,1,28.95
ASSET-1559,Pipeline,Central,Concrete,14.47,71.57,77.27,569.3,10.65,6,29.05,254.72,54.0,61.35,4,27.64,1,16.74
ASSET-1560,Streetlight,South,PVC,7.15,70.46,110.39,1666.15,19.84,7,129.44,58.3,67.44,10.93,3,46.11,1,32.36
ASSET-1561,Bridge,South,Concrete,22.92,45.59,76.54,200.0,30.38,6,46.72,25.48,86.46,2.08,3,41.72,1,28.17
ASSET-1562,Drainage,West,Copper,6.97,59.97,63.86,775.73,28.19,0,251.39,184.36,48.73,14.66,2,68.82,0,25.93
ASSET-1563,Road,South,Asphalt,31.87,41.35,103.9,1455.94,31.26,6,62.62,168.58,61.02,33.95,2,28.23,1,10.63
ASSET-1564,Drainage,South,Steel,29.09,32.22,85.78,1946.37,27.95,4,25.55,75.59,88.94,23.22,0,75.35,1,20.49
ASSET-1565,Drainage,Central,Composite,7.5,60.38,96.29,1198.39,20.33,2,33.73,228.27,59.97,54.37,1,38.95,1,24.0
ASSET-1566,Drainage,East,Concrete,15.62,46.78,125.27,978.6,22.51,6,160.66,346.27,94.66,17.26,2,85.46,1,29.44
ASSET-1567,Drainage,Industrial,Steel,33.33,74.76,124.03,1018.4,17.46,3,0.0,314.28,66.9,60.83,0,77.49,0,6.55
ASSET-1568,Drainage,Central,Steel,13.05,29.31,143.81,1864.39,26.91,4,155.16,199.46,57.74,26.76,4,100.0,1,22.8
ASSET-1569,Electrical Pole,Central,Steel,33.63,64.56,84.87,721.09,18.41,2,292.09,360.63,85.43,15.79,2,53.7,0,12.84
ASSET-1570,Electrical Pole,Central,Steel,1.0,60.74,69.74,715.17,22.75,3,117.26,171.77,38.24,65.41,0,40.86,1,20.76
ASSET-1571,Pipeline,West,PVC,14.71,52.83,138.77,1361.65,30.1,4,138.52,210.97,37.21,30.0,3,100.0,1,17.63
ASSET-1572,Streetlight,North,Concrete,5.96,63.46,77.87,2428.59,12.82,5,7.42,148.14,71.38,56.39,0,69.94,0,27.25
ASSET-1573,Drainage,East,PVC,18.19,60.46,123.75,430.47,32.3,2,207.67,213.46,68.23,23.2,2,80.7,1,20.76
ASSET-1574,Pipeline,Central,Composite,12.67,32.34,115.83,330.88,13.25,1,86.76,46.37,37.1,12.29,2,35.11,1,23.62
ASSET-1575,Pipeline,South,PVC,14.6,93.93,93.52,1405.52,16.49,8,76.7,157.19,95.71,31.37,1,52.93,1,29.2
ASSET-1576,Drainage,Central,Steel,15.25,62.41,111.59,814.05,18.11,2,7.9,20.96,77.35,53.77,2,15.12,1,22.34
ASSET-1577,Bridge,South,Composite,15.55,32.96,99.31,949.31,30.33,3,0.0,83.29,72.1,36.8,0,30.34,1,24.73
ASSET-1578,Electrical Pole,North,Concrete,18.56,26.93,44.94,932.92,20.6,2,63.7,181.38,59.04,36.41,0,61.02,0,19.08
ASSET-1579,Bridge,Central,Steel,26.78,71.78,133.65,1702.89,27.15,3,88.98,92.22,72.08,48.95,0,57.33,0,12.66
ASSET-1580,Pipeline,North,PVC,11.23,59.19,78.52,756.29,18.88,5,112.26,137.16,76.71,26.71,3,40.47,1,28.36
ASSET-1581,Road,East,Asphalt,16.13,26.9,84.59,200.0,31.72,5,182.73,182.89,56.16,18.99,3,83.84,1,21.37
ASSET-1582,Pipeline,South,Composite,19.23,44.69,136.06,783.3,27.06,6,53.09,262.92,81.37,34.21,0,44.96,0,23.28
ASSET-1583,Bridge,Central,Copper,20.89,26.53,98.92,1524.63,33.87,1,225.3,349.54,79.38,14.24,1,57.14,0,22.31
ASSET-1584,Streetlight,West,Copper,20.7,55.44,103.43,1145.55,27.39,3,92.95,122.4,100.0,64.28,2,81.86,0,18.8
ASSET-1585,Bridge,Industrial,Composite,25.98,58.63,49.83,1042.7,21.98,1,1.11,229.27,77.84,11.65,0,78.9,0,23.47
ASSET-1586,Drainage,Central,Composite,9.22,58.42,89.31,1503.82,17.3,4,133.5,203.02,73.42,41.89,4,100.0,1,25.71
ASSET-1587,Pipeline,South,Concrete,11.61,10.0,112.86,1311.75,34.55,4,124.69,292.89,94.84,7.27,0,56.1,1,35.0
ASSET-1588,Electrical Pole,Central,PVC,18.98,50.48,108.03,1797.66,40.5,5,51.81,165.26,70.64,45.29,2,94.91,1,19.33
ASSET-1589,Electrical Pole,North,Concrete,13.38,62.7,165.64,848.88,26.31,2,126.57,101.98,90.84,37.95,0,73.13,0,26.86
ASSET-1590,Pipeline,Industrial,Composite,19.8,74.06,60.57,1421.29,31.96,3,19.28,175.84,94.11,57.52,0,34.9,1,21.19
ASSET-1591,Road,North,PVC,13.69,45.63,108.39,1137.0,18.22,6,131.23,223.54,40.95,0.0,0,49.35,0,25.16
ASSET-1592,Electrical Pole,West,Steel,23.76,10.0,142.79,1302.34,37.24,2,160.31,188.52,86.72,30.32,2,77.84,0,19.71
ASSET-1593,Streetlight,Industrial,Concrete,11.49,59.84,38.36,1621.5,42.59,1,112.69,268.05,72.57,38.3,0,50.29,0,25.11
ASSET-1594,Drainage,Central,Copper,17.13,55.83,59.56,1160.39,39.12,3,21.02,164.86,59.14,8.23,1,45.21,1,26.59
ASSET-1595,Bridge,Central,Asphalt,11.75,58.07,49.0,200.0,31.04,0,41.87,0.02,63.25,43.56,1,100.0,0,23.61
ASSET-1596,Electrical Pole,North,Concrete,28.87,36.38,59.09,2824.01,34.56,5,125.99,207.35,45.32,38.14,1,41.73,1,7.8
ASSET-1597,Streetlight,East,PVC,12.61,85.3,91.24,2442.7,9.33,2,0.0,59.06,57.09,41.31,1,45.77,1,23.19
ASSET-1598,Electrical Pole,South,Concrete,1.0,84.55,86.43,530.23,27.47,4,94.19,194.85,51.21,50.2,0,47.1,1,26.59
ASSET-1599,Pipeline,East,Composite,24.49,79.08,142.57,1833.48,22.08,0,232.4,317.07,59.9,53.42,1,85.02,1,8.31
ASSET-1600,Streetlight,East,,12.85,94.57,118.58,2278.53,20.83,4,,264.4,,82.94,2,71.03,1,19.44
ASSET-1601,Drainage,North,Copper,13.29,65.83,83.6,1269.52,26.57,3,125.04,142.47,65.16,56.53,1,64.25,0,18.62
ASSET-1602,Bridge,South,PVC,3.43,63.47,110.91,961.0,43.77,0,182.75,251.28,81.75,38.52,2,73.63,0,30.95
ASSET-1603,Electrical Pole,South,Concrete,10.74,60.98,89.5,543.74,31.45,2,0.17,126.09,57.62,55.57,1,82.88,0,21.74
ASSET-1604,Streetlight,Industrial,Copper,11.33,72.48,180.0,1413.62,32.75,5,6.23,238.58,77.52,29.81,0,70.49,0,29.94
ASSET-1605,Electrical Pole,South,Asphalt,8.28,95.0,98.43,466.02,20.37,3,312.99,91.54,69.91,24.24,2,48.61,1,25.68
ASSET-1606,Bridge,West,PVC,6.61,51.09,86.02,844.65,20.15,6,94.42,66.59,63.68,36.09,0,87.27,0,27.73
ASSET-1607,Pipeline,West,Copper,26.68,83.6,106.76,200.0,38.82,2,57.43,195.63,96.81,56.07,2,52.39,1,16.39
ASSET-1608,Electrical Pole,South,Copper,14.72,61.92,91.1,1733.59,32.47,5,0.0,192.8,70.04,38.36,0,34.15,0,24.63
ASSET-1609,Bridge,South,PVC,22.63,47.87,112.24,797.45,37.74,6,143.75,158.67,87.34,42.85,1,76.77,0,18.44
ASSET-1610,Streetlight,South,Asphalt,32.27,29.95,63.49,731.84,11.48,3,168.01,177.86,62.39,57.53,1,64.17,0,3.77
ASSET-1611,Bridge,Industrial,Copper,29.54,52.54,156.81,931.31,42.98,2,161.4,115.75,92.15,25.44,1,46.29,0,17.59
ASSET-1612,Pipeline,North,Copper,27.37,41.88,145.5,602.4,12.89,5,72.67,179.28,66.2,8.75,1,80.77,1,19.55
ASSET-1613,Electrical Pole,North,Steel,28.03,59.64,128.37,564.29,22.07,4,109.57,155.32,50.39,0.0,2,62.38,1,17.26
ASSET-1614,Bridge,Industrial,Concrete,27.02,46.26,73.62,1203.93,32.69,3,184.14,79.37,69.09,33.6,3,61.74,1,13.12
ASSET-1615,Drainage,West,PVC,35.46,28.05,98.9,1307.64,30.58,2,254.76,181.3,52.43,34.68,1,100.0,1,2.58
ASSET-1616,Electrical Pole,Industrial,PVC,28.5,55.99,91.64,1770.63,33.99,0,171.44,182.8,48.4,52.6,4,68.02,1,4.81
ASSET-1617,Bridge,North,Steel,29.0,91.08,70.09,200.0,30.91,3,10.07,172.18,85.1,32.02,0,53.98,1,18.41
ASSET-1618,Streetlight,Central,PVC,17.81,16.41,90.72,393.4,30.93,0,201.02,139.08,62.23,40.89,0,63.02,0,16.54
ASSET-1619,Streetlight,South,Copper,10.68,43.87,107.16,516.85,13.62,4,117.85,196.87,77.9,36.15,2,59.75,1,26.96
ASSET-1620,Electrical Pole,North,PVC,1.0,20.04,152.84,1200.04,33.55,3,115.36,134.66,100.0,40.06,0,28.27,1,36.98
ASSET-1621,Drainage,South,Copper,37.74,51.73,117.33,1713.6,20.83,5,71.67,80.96,92.96,31.84,2,65.4,0,12.51
ASSET-1622,Drainage,Industrial,Composite,24.38,23.87,77.44,1005.31,17.52,4,214.95,314.52,65.89,40.84,2,69.18,1,12.33
ASSET-1623,Drainage,West,Asphalt,9.22,91.41,122.8,1771.59,35.83,5,37.81,166.1,42.28,43.3,1,57.27,1,21.74
ASSET-1624,Bridge,South,Concrete,30.04,45.86,87.44,1213.18,8.44,3,0.0,121.45,87.39,43.95,0,58.73,1,15.91
ASSET-1625,Road,East,Asphalt,7.25,54.95,180.0,2307.48,25.47,4,41.63,99.82,78.52,24.5,2,86.25,1,33.33
ASSET-1626,Electrical Pole,South,Steel,21.33,57.03,44.58,1648.57,14.71,3,196.77,282.98,63.6,26.82,0,36.44,1,17.22
ASSET-1627,Drainage,Central,Asphalt,11.65,22.74,115.49,1436.71,30.04,2,24.39,185.35,73.15,32.05,1,88.79,0,28.11
ASSET-1628,Drainage,South,Asphalt,22.26,94.41,133.07,2221.96,15.33,5,85.46,13.66,98.93,29.13,0,50.54,1,24.69
ASSET-1629,Road,Central,Composite,10.04,41.13,88.35,2238.49,19.0,7,187.91,219.63,85.47,35.27,3,68.21,0,27.54
ASSET-1630,Electrical Pole,East,Asphalt,1.35,60.93,118.52,1026.6,26.14,2,9.79,24.96,44.33,48.38,0,46.0,0,27.16
ASSET-1631,Electrical Pole,Central,Copper,10.34,49.36,39.31,1442.33,13.54,6,70.26,170.44,72.07,39.88,1,50.31,0,26.35
ASSET-1632,Electrical Pole,Industrial,Concrete,21.43,64.32,72.05,1455.82,35.73,5,194.59,197.19,55.15,18.81,1,74.97,1,17.27
ASSET-1633,Drainage,West,Concrete,45.86,74.64,59.89,739.64,45.0,3,123.8,83.96,100.0,45.01,0,40.11,0,4.42
ASSET-1634,Bridge,Central,Copper,21.07,55.88,119.96,1528.18,22.62,2,107.2,124.93,69.66,35.33,0,69.35,1,18.58
ASSET-1635,Electrical Pole,North,Copper,14.3,38.16,84.45,1345.35,25.75,4,191.87,310.49,77.14,13.61,1,39.92,0,27.32
ASSET-1636,Electrical Pole,North,Steel,34.97,94.75,114.51,1715.08,27.26,4,0.0,172.61,56.14,40.63,1,93.04,1,7.5
ASSET-1637,Drainage,East,PVC,27.17,60.69,86.99,2205.61,24.73,4,123.38,139.58,72.66,0.0,0,64.29,0,21.59
ASSET-1638,Drainage,East,Copper,33.68,61.96,73.39,334.29,32.06,2,171.46,218.99,80.61,35.67,2,55.85,0,10.37
ASSET-1639,Electrical Pole,Central,Steel,11.65,35.73,23.45,1091.33,38.67,5,138.22,106.6,89.95,32.61,3,40.34,1,28.75
ASSET-1640,Electrical Pole,West,Concrete,10.5,38.05,50.54,637.77,25.93,2,0.0,287.43,41.69,46.78,1,96.11,0,20.8
ASSET-1641,Road,South,Copper,27.97,44.91,73.94,2101.64,11.72,4,109.51,145.68,78.36,38.79,2,60.5,0,14.58
ASSET-1642,Electrical Pole,Central,Steel,22.18,56.87,75.22,1202.4,18.57,2,93.11,168.06,72.63,53.33,0,61.54,1,15.02
ASSET-1643,Pipeline,West,Concrete,19.18,42.83,97.21,1801.63,26.68,4,63.57,376.89,60.33,1.64,2,55.93,1,25.83
ASSET-1644,Streetlight,Industrial,Steel,14.97,44.09,151.15,1412.75,29.95,4,141.6,319.86,67.48,5.86,2,66.94,0,27.66
ASSET-1645,Road,East,PVC,19.08,64.42,83.88,1212.42,23.81,2,215.13,38.77,100.0,52.55,0,53.97,0,19.83
ASSET-1646,Electrical Pole,South,Composite,16.31,62.84,65.32,1219.22,23.91,2,49.86,271.88,41.46,44.56,2,54.07,0,16.14
ASSET-1647,Road,North,Composite,18.52,78.27,73.85,839.01,20.54,6,223.38,40.41,90.11,51.38,3,64.93,1,18.51
ASSET-1648,Pipeline,North,Copper,17.56,77.9,115.97,2546.94,33.63,4,26.07,121.91,46.15,30.7,2,57.93,1,19.35
ASSET-1649,Electrical Pole,Central,Copper,28.22,61.75,82.91,1252.58,29.25,4,132.05,103.09,64.21,80.17,3,31.47,0,3.13
ASSET-1650,Drainage,,Asphalt,1.0,56.52,121.8,888.03,34.19,4,,255.61,62.43,29.27,2,57.43,1,32.54
ASSET-1651,Bridge,East,Copper,37.09,68.88,113.86,1170.3,32.87,3,142.59,88.37,90.71,40.81,4,100.0,0,9.35
ASSET-1652,Bridge,South,Steel,25.63,56.37,66.62,1742.85,26.89,5,258.38,97.56,55.36,30.27,2,67.99,1,10.8
ASSET-1653,Electrical Pole,North,Asphalt,9.04,70.13,58.96,697.35,23.96,2,191.19,208.64,100.0,30.06,1,79.79,1,31.84
ASSET-1654,Electrical Pole,West,PVC,17.09,84.88,111.22,200.0,35.6,5,196.11,0.0,60.07,23.23,0,89.35,0,20.28
ASSET-1655,Road,South,Steel,17.88,54.27,111.56,1541.58,-5.0,2,6.98,220.03,66.8,35.31,0,52.42,1,22.31
ASSET-1656,Pipeline,North,Asphalt,29.15,83.19,116.57,398.72,36.33,5,110.62,0.0,89.16,23.16,2,59.23,1,18.8
ASSET-1657,Drainage,Central,Concrete,33.38,52.49,94.55,2147.17,19.08,5,104.11,79.75,72.02,48.83,3,84.54,1,7.75
ASSET-1658,Drainage,South,Steel,15.05,35.26,85.44,491.08,23.04,3,178.2,0.0,58.8,20.49,3,37.95,1,22.39
ASSET-1659,Drainage,West,Asphalt,20.27,52.44,126.29,1557.5,26.09,2,0.0,204.71,81.55,3.5,0,62.54,0,29.79
ASSET-1660,Streetlight,Central,Concrete,21.39,35.19,77.78,200.0,37.4,1,163.38,176.5,95.21,19.15,1,27.43,1,25.07
ASSET-1661,Streetlight,East,Copper,1.0,66.93,41.45,1063.07,34.1,5,66.83,21.15,81.17,61.85,0,43.54,0,30.2
ASSET-1662,Bridge,North,Steel,12.75,66.43,131.86,456.24,11.52,8,105.81,205.29,59.55,44.8,2,63.4,1,20.72
ASSET-1663,Electrical Pole,East,Concrete,35.41,48.47,87.11,1338.84,29.18,4,17.25,211.25,65.26,23.38,1,40.69,1,11.94
ASSET-1664,Road,Industrial,Copper,6.65,10.0,147.42,1533.44,23.95,2,0.0,107.15,84.89,53.84,2,60.85,0,29.86
ASSET-1665,Pipeline,East,Concrete,31.04,48.43,127.56,969.25,17.07,1,34.84,245.91,58.63,14.34,2,63.9,1,15.26
ASSET-1666,Drainage,South,Steel,27.63,65.25,72.41,1245.66,26.13,2,31.63,111.93,100.0,26.75,3,49.56,0,22.68
ASSET-1667,Streetlight,Industrial,Composite,26.89,73.05,123.58,1432.7,37.4,4,257.08,18.01,78.27,40.67,0,68.43,0,11.99
ASSET-1668,Streetlight,Central,Steel,3.1,41.92,35.03,2135.18,22.92,8,184.24,224.81,61.45,14.07,2,56.71,0,32.39
ASSET-1669,Electrical Pole,Central,PVC,4.61,24.66,66.24,2292.58,44.92,4,131.92,146.37,55.18,62.5,4,41.92,0,21.57
ASSET-1670,Road,East,PVC,17.17,46.0,82.39,1911.54,13.19,4,178.26,165.78,88.08,37.95,3,30.6,1,22.68
ASSET-1671,Drainage,North,Asphalt,14.51,53.56,20.0,548.43,17.68,5,63.45,98.19,86.71,2.64,0,51.49,0,33.65
ASSET-1672,Road,East,Asphalt,3.52,26.81,112.2,1725.58,32.1,6,219.29,0.0,80.11,24.41,0,68.09,1,32.69
ASSET-1673,Electrical Pole,East,PVC,1.0,19.98,114.01,1492.67,26.23,2,179.51,248.03,73.54,11.45,0,73.08,0,36.66
ASSET-1674,Streetlight,South,Composite,31.27,48.47,87.51,1102.99,27.47,2,0.0,299.28,100.0,22.75,0,55.53,1,21.56
ASSET-1675,Road,North,Copper,16.12,74.91,96.64,724.43,13.13,5,167.96,286.06,54.57,71.77,0,70.77,0,10.83
ASSET-1676,Electrical Pole,Central,Concrete,1.0,39.19,141.83,1698.82,20.08,2,128.05,231.41,94.53,25.88,0,60.83,0,38.58
ASSET-1677,Electrical Pole,Central,Composite,13.43,28.99,103.93,1072.13,27.76,2,158.94,48.29,57.1,30.14,4,72.13,1,21.67
ASSET-1678,Streetlight,East,PVC,28.77,83.34,180.0,1224.95,37.78,6,199.68,357.42,64.45,25.03,1,54.71,1,12.46
ASSET-1679,Streetlight,East,Steel,21.19,86.25,80.66,1017.19,26.57,3,0.0,121.99,84.37,63.75,0,37.13,0,17.6
ASSET-1680,Drainage,Central,Composite,18.3,13.49,81.65,200.0,37.32,2,252.23,291.35,60.37,13.56,1,56.12,0,20.3
ASSET-1681,Drainage,South,Copper,21.46,39.47,117.39,1359.2,21.94,2,105.21,98.31,73.05,36.71,1,89.79,1,18.68
ASSET-1682,Pipeline,South,Concrete,16.68,75.09,101.89,1057.05,23.93,3,142.38,84.07,45.62,48.09,2,71.42,1,14.07
ASSET-1683,Drainage,Industrial,Concrete,19.55,70.34,116.4,1672.58,17.26,1,88.91,178.26,67.65,0.0,4,53.07,1,26.71
ASSET-1684,Bridge,Central,Asphalt,19.73,79.89,24.65,892.98,21.52,3,106.12,324.71,84.12,54.16,1,32.81,1,18.38
ASSET-1685,Pipeline,East,Copper,1.0,24.41,105.79,1219.06,23.11,3,280.94,97.71,88.7,35.04,1,79.18,0,32.64
ASSET-1686,Bridge,North,Composite,32.63,50.21,118.98,1418.33,25.07,4,64.96,149.39,61.55,53.03,1,34.64,1,6.33
ASSET-1687,Pipeline,East,Concrete,10.77,10.0,80.17,1222.59,23.77,7,165.99,233.05,42.42,27.71,0,43.85,1,21.23
ASSET-1688,Streetlight,Central,PVC,10.0,18.84,56.72,1724.46,23.71,2,119.57,296.74,72.08,45.81,0,46.86,0,24.42
ASSET-1689,Road,Industrial,PVC,21.54,92.85,137.89,1549.7,26.36,6,183.57,0.0,53.03,41.76,0,41.84,1,12.44
ASSET-1690,Electrical Pole,Central,Copper,11.0,49.88,86.38,1026.53,32.43,3,89.23,45.08,90.44,21.57,0,61.84,0,32.48
ASSET-1691,Bridge,South,PVC,10.33,44.48,102.75,1004.11,45.0,3,169.43,0.0,56.51,13.26,0,65.48,0,26.9
ASSET-1692,Electrical Pole,West,Asphalt,28.36,61.89,88.2,821.49,35.02,8,130.8,273.94,78.18,50.11,0,49.21,0,11.58
ASSET-1693,Electrical Pole,South,Asphalt,21.95,79.25,70.46,200.0,20.52,6,0.0,62.31,74.81,32.68,2,35.88,1,21.56
ASSET-1694,Drainage,Central,PVC,14.75,78.9,59.21,2086.15,15.39,5,90.16,65.51,63.06,45.9,1,78.13,1,20.04
ASSET-1695,Drainage,Industrial,Concrete,32.36,31.34,57.31,417.12,16.91,6,164.83,125.5,71.8,63.09,4,62.67,1,4.36
ASSET-1696,Pipeline,Central,Composite,1.0,60.95,123.04,1334.78,31.54,4,21.23,91.38,66.22,56.31,0,66.21,0,29.53
ASSET-1697,Streetlight,Central,Concrete,21.04,86.72,93.75,200.0,30.82,8,176.99,101.23,52.52,15.94,4,52.11,1,18.0
ASSET-1698,Electrical Pole,East,PVC,11.37,51.83,85.49,2140.59,15.87,6,129.77,300.7,100.0,36.7,1,59.19,1,30.11
ASSET-1699,Bridge,East,Concrete,17.05,21.86,141.57,1347.47,14.53,0,0.0,257.05,60.86,25.9,2,48.71,1,23.84
ASSET-1700,Drainage,Industrial,Copper,23.47,56.91,92.48,256.35,17.62,5,,300.54,,48.13,3,70.97,0,20.64
ASSET-1701,Streetlight,Central,Asphalt,12.66,59.0,155.4,885.87,15.65,1,102.6,79.65,100.0,39.33,2,52.62,1,29.22
ASSET-1702,Road,East,Composite,6.6,28.81,67.76,1408.52,29.68,5,0.91,179.96,53.53,43.03,2,36.9,0,26.39
ASSET-1703,Electrical Pole,North,PVC,27.68,95.0,120.05,1102.3,22.15,3,59.14,205.24,51.51,0.0,1,58.38,1,18.71
ASSET-1704,Drainage,South,PVC,12.29,29.35,103.69,605.89,23.75,7,172.1,43.09,49.05,38.04,0,21.97,1,19.18
ASSET-1705,Pipeline,South,Copper,23.32,61.42,108.52,1357.82,24.41,2,161.29,332.99,62.98,14.59,0,42.4,1,18.87
ASSET-1706,Road,East,Concrete,20.03,12.21,108.18,1586.35,8.82,2,126.37,165.65,81.35,32.18,3,52.22,0,21.66
ASSET-1707,Road,West,Copper,8.17,33.73,117.06,1217.77,30.7,5,0.0,65.99,53.63,18.68,0,75.98,1,30.2
ASSET-1708,Drainage,Central,Steel,29.98,49.14,87.46,776.74,25.8,4,184.52,259.84,30.56,31.95,3,50.11,1,4.43
ASSET-1709,Drainage,Industrial,Copper,29.39,48.87,100.25,517.87,15.11,5,190.55,182.64,49.9,35.88,3,89.37,1,7.42
ASSET-1710,Pipeline,South,Concrete,14.83,21.8,120.21,1034.42,33.49,4,49.32,185.82,95.55,32.02,0,29.4,0,29.43
ASSET-1711,Streetlight,Industrial,Steel,10.28,46.8,119.6,527.49,38.98,1,306.52,352.55,74.54,2.05,1,51.04,1,29.68
ASSET-1712,Road,West,Asphalt,5.26,60.82,70.29,771.06,23.17,2,286.25,126.43,79.94,37.91,2,65.72,0,27.4
ASSET-1713,Streetlight,North,Concrete,26.81,60.33,101.75,1235.09,23.75,2,115.13,204.13,79.24,38.61,1,56.97,1,15.47
ASSET-1714,Road,Industrial,Copper,12.46,61.26,88.37,1308.34,34.01,2,167.74,183.32,100.0,30.67,2,58.28,0,29.79
ASSET-1715,Pipeline,West,Concrete,4.12,44.59,121.41,940.38,5.02,3,32.61,193.18,99.92,50.39,3,47.89,1,34.37
ASSET-1716,Electrical Pole,Industrial,PVC,16.57,34.11,74.48,643.87,13.24,6,0.0,317.01,94.43,45.0,0,29.52,1,26.4
ASSET-1717,Pipeline,Industrial,Steel,12.52,67.5,95.09,573.9,35.33,7,101.87,190.93,44.84,26.71,2,64.39,1,21.93
ASSET-1718,Bridge,East,PVC,12.92,49.52,81.58,1032.92,28.81,0,114.05,215.0,61.73,25.41,0,49.38,0,24.7
ASSET-1719,Drainage,Industrial,Concrete,18.06,57.58,31.98,1591.73,22.39,7,24.67,93.27,68.35,43.26,0,43.08,1,20.52
ASSET-1720,Bridge,East,Concrete,23.91,36.04,136.1,927.67,16.91,5,248.61,221.64,94.69,68.53,0,74.89,1,11.63
ASSET-1721,Streetlight,Central,Copper,2.77,63.5,92.86,1945.77,35.55,5,143.87,230.84,73.11,33.78,3,86.13,1,31.59
ASSET-1722,Streetlight,East,Copper,16.58,59.75,97.45,232.98,21.97,7,60.02,391.45,93.1,43.03,2,41.49,1,25.35
ASSET-1723,Bridge,Industrial,PVC,15.35,83.83,76.56,1836.68,12.61,1,272.11,178.82,62.31,62.25,3,74.57,1,12.58
ASSET-1724,Bridge,North,PVC,12.3,49.26,104.35,1616.64,20.42,4,141.39,308.68,85.58,4.86,1,41.28,0,32.99
ASSET-1725,Pipeline,Central,Asphalt,23.68,73.46,98.05,1039.12,25.62,4,68.79,58.13,35.1,60.34,2,64.53,1,6.3
ASSET-1726,Road,West,Composite,30.65,29.89,42.93,1430.54,27.64,0,148.76,139.98,57.47,28.33,0,47.36,1,10.25
ASSET-1727,Drainage,North,Concrete,10.96,66.14,90.25,1583.32,2.05,2,164.48,149.11,87.22,0.0,2,46.5,0,34.74
ASSET-1728,Bridge,Industrial,Copper,10.64,74.82,129.86,1820.82,43.35,6,56.37,194.16,65.52,75.58,3,54.6,1,18.1
ASSET-1729,Electrical Pole,Industrial,Composite,26.78,30.36,102.51,637.25,9.8,5,192.69,225.72,68.71,9.67,0,40.55,1,17.83
ASSET-1730,Pipeline,East,PVC,15.66,76.52,126.81,210.86,18.76,2,0.0,236.61,67.57,32.74,3,59.59,0,24.65
ASSET-1731,Electrical Pole,Industrial,Copper,13.69,66.44,126.77,1377.88,31.2,3,113.45,191.3,58.44,23.64,3,94.14,1,23.94
ASSET-1732,Drainage,Central,Steel,33.92,28.53,52.4,485.57,26.21,0,72.9,320.71,89.68,24.82,0,68.21,1,15.98
ASSET-1733,Electrical Pole,West,Concrete,27.35,44.34,87.97,860.39,13.02,3,96.33,53.94,83.63,44.67,2,44.17,1,15.05
ASSET-1734,Electrical Pole,Industrial,Composite,1.0,64.35,75.08,665.6,13.69,3,246.19,129.46,52.38,48.04,1,19.85,0,24.2
ASSET-1735,Drainage,South,Steel,24.62,95.0,20.0,458.58,-0.64,3,199.23,190.55,97.06,51.61,4,78.88,1,15.93
ASSET-1736,Streetlight,East,PVC,13.97,56.33,68.94,1061.61,25.56,3,227.38,146.98,55.22,17.61,2,32.74,1,22.09
ASSET-1737,Electrical Pole,Industrial,PVC,15.99,81.55,103.78,1155.24,24.68,1,51.43,160.48,76.88,53.96,1,82.35,0,20.82
ASSET-1738,Pipeline,West,Asphalt,34.05,70.91,131.75,605.57,14.66,5,12.7,150.96,85.88,63.27,1,46.3,1,8.72
ASSET-1739,Drainage,North,PVC,21.2,33.53,89.8,1195.2,24.75,4,53.24,107.3,58.55,2.6,2,74.1,1,24.11
ASSET-1740,Bridge,East,PVC,25.96,49.75,70.67,1646.59,30.75,4,259.54,177.36,67.38,27.0,0,69.9,0,13.37
ASSET-1741,Bridge,Central,Concrete,16.95,65.2,150.26,965.55,3.96,4,133.35,106.75,79.15,50.72,0,52.58,1,19.57
ASSET-1742,Electrical Pole,North,PVC,32.77,40.57,97.0,200.0,11.66,4,218.24,43.8,73.34,27.49,2,36.08,0,10.4
ASSET-1743,Road,East,Copper,22.3,41.93,101.69,1241.36,22.73,4,123.49,166.72,65.58,36.55,1,40.2,1,16.41
ASSET-1744,Streetlight,West,Steel,14.51,33.9,93.8,844.6,31.94,5,46.18,179.77,83.49,31.49,0,38.34,0,27.65
ASSET-1745,Streetlight,South,Asphalt,26.54,73.05,88.76,1659.68,-1.69,6,107.44,194.18,66.23,62.91,0,84.54,1,8.61
ASSET-1746,Pipeline,South,Composite,21.96,67.45,85.12,415.07,33.37,4,228.93,160.62,64.45,62.76,4,58.17,1,9.1
ASSET-1747,Drainage,Central,PVC,10.47,71.21,87.38,1559.56,22.67,7,64.04,228.05,63.2,29.37,0,71.29,0,26.89
ASSET-1748,Bridge,South,Composite,27.18,66.15,91.76,1284.11,33.08,5,0.0,152.78,67.96,48.39,1,70.95,1,13.53
ASSET-1749,Electrical Pole,Industrial,Copper,7.21,60.2,122.01,315.37,45.0,6,120.11,97.16,68.85,36.68,2,85.01,0,27.61
ASSET-1750,Road,Central,Copper,33.24,66.25,56.23,951.84,28.39,5,,135.92,98.29,58.24,1,17.74,1,25.58
ASSET-1751,Streetlight,North,Asphalt,43.11,54.6,85.62,886.58,28.39,4,196.05,87.39,66.38,75.61,1,54.89,1,1.0
ASSET-1752,Drainage,North,Copper,8.58,65.12,125.93,1724.75,22.67,4,253.73,287.09,57.89,0.0,1,72.37,1,29.34
ASSET-1753,Streetlight,West,PVC,7.11,54.82,87.09,1262.57,20.1,6,131.84,92.1,88.51,9.72,3,75.84,1,36.37
ASSET-1754,Electrical Pole,North,Concrete,31.9,51.84,80.12,1250.41,24.24,2,75.71,143.36,50.94,48.56,1,52.45,1,5.61
ASSET-1755,Bridge,Central,Composite,6.9,31.79,153.08,823.65,30.49,4,0.0,359.25,84.31,19.65,1,37.31,0,36.42
ASSET-1756,Bridge,Industrial,Steel,36.26,36.85,79.31,762.26,25.72,6,263.15,140.1,78.81,36.64,0,100.0,1,6.21
ASSET-1757,Pipeline,West,Copper,31.63,58.78,142.46,1927.26,25.74,4,240.97,85.38,100.0,30.5,3,57.91,1,14.94
ASSET-1758,Bridge,South,Composite,21.38,54.31,79.04,1037.97,37.41,0,20.88,107.45,52.59,65.2,3,68.66,0,11.04
ASSET-1759,Pipeline,Central,Composite,11.62,81.7,47.36,2485.19,18.84,3,85.65,72.69,100.0,50.78,3,35.97,1,28.0
ASSET-1760,Drainage,Industrial,PVC,19.81,65.42,103.12,503.78,34.68,4,43.6,0.0,82.92,84.01,0,61.07,0,13.38
ASSET-1761,Streetlight,North,Copper,29.1,29.61,80.6,683.9,33.86,6,132.72,95.83,64.03,22.39,0,56.16,0,14.02
ASSET-1762,Drainage,South,PVC,23.75,64.81,94.75,1234.23,24.27,1,132.81,121.64,47.75,42.41,0,62.1,1,10.83
ASSET-1763,Streetlight,North,Concrete,26.48,36.0,97.76,200.0,38.79,1,78.81,313.84,67.78,11.05,2,70.43,0,19.88
ASSET-1764,Pipeline,North,PVC,11.67,44.5,81.94,1075.79,7.96,3,262.71,90.4,61.5,11.33,2,79.66,0,25.38
ASSET-1765,Bridge,West,Composite,29.8,30.04,109.99,2060.25,29.59,4,82.27,202.01,94.25,41.56,0,49.79,0,16.15
ASSET-1766,Electrical Pole,East,Composite,30.09,61.49,98.57,867.59,35.7,7,221.06,324.26,65.54,25.0,1,58.69,1,11.31
ASSET-1767,Drainage,West,Copper,32.31,78.32,111.15,341.29,9.81,4,190.42,172.04,100.0,13.35,0,46.04,1,18.9
ASSET-1768,Bridge,West,Steel,10.98,65.53,82.35,271.3,33.02,0,34.3,17.73,75.73,38.72,4,74.45,1,27.52
ASSET-1769,Drainage,East,Asphalt,32.42,60.77,65.69,1276.86,30.33,5,82.21,228.88,55.21,14.13,0,58.44,1,12.77
ASSET-1770,Electrical Pole,South,Steel,6.22,46.51,122.09,582.52,20.46,4,139.75,130.07,86.16,46.81,3,56.53,1,29.0
ASSET-1771,Electrical Pole,North,Steel,12.87,41.35,104.21,973.71,19.88,3,65.3,199.9,46.57,41.06,2,47.54,0,19.86
ASSET-1772,Drainage,Industrial,Asphalt,37.22,55.35,48.16,1031.25,25.56,4,99.41,78.84,52.29,21.93,0,37.57,0,6.98
ASSET-1773,Bridge,North,Steel,10.67,68.19,144.45,1653.28,36.75,5,186.65,146.22,74.54,26.59,1,59.23,0,26.9
ASSET-1774,Drainage,West,Composite,25.14,63.47,90.15,1233.32,28.9,5,0.0,72.26,91.93,33.78,0,53.26,0,22.19
ASSET-1775,Drainage,Central,Steel,15.36,66.16,61.76,1214.87,27.22,4,137.83,231.59,61.69,16.16,5,52.58,1,24.36
ASSET-1776,Drainage,Central,Asphalt,16.16,68.56,142.88,873.28,16.01,1,247.45,76.19,71.5,15.45,0,52.74,0,23.52
ASSET-1777,Bridge,South,Asphalt,8.62,41.17,155.18,1454.94,33.38,5,111.93,136.03,76.48,38.37,0,60.34,0,27.82
ASSET-1778,Streetlight,West,Composite,10.94,51.57,84.94,438.68,3.84,2,264.33,149.03,85.97,0.0,0,33.62,0,32.53
ASSET-1779,Streetlight,East,Asphalt,15.98,95.0,108.81,2217.37,22.71,6,285.86,169.06,62.29,8.64,1,59.47,0,22.58
ASSET-1780,Streetlight,East,Concrete,38.31,29.1,96.79,200.0,21.16,4,161.01,238.9,79.15,46.61,1,39.14,0,4.89
ASSET-1781,Streetlight,West,Composite,1.0,44.07,90.96,1952.36,24.09,3,150.84,153.0,86.59,74.59,4,59.75,1,26.95
ASSET-1782,Streetlight,West,Composite,21.37,86.58,90.5,1607.52,14.78,3,212.49,108.18,69.7,3.52,4,80.73,1,22.63
ASSET-1783,Electrical Pole,Industrial,Copper,19.88,65.15,106.88,2030.59,20.33,5,206.19,301.53,31.33,23.01,0,60.69,0,13.0
ASSET-1784,Pipeline,West,Copper,1.0,14.09,160.1,1570.61,26.09,4,131.71,279.74,60.62,38.73,1,39.16,1,29.83
ASSET-1785,Streetlight,North,Steel,30.77,46.09,125.52,1268.95,39.7,1,33.22,89.43,74.4,65.83,3,16.42,1,8.02
ASSET-1786,Electrical Pole,Industrial,Composite,20.5,10.0,118.85,1870.9,24.64,4,125.89,101.56,79.77,30.37,2,55.95,1,21.42
ASSET-1787,Electrical Pole,Central,Copper,9.39,24.28,39.08,1987.51,20.88,4,262.66,123.72,60.71,32.36,1,91.98,1,22.63
ASSET-1788,Road,East,Copper,33.66,67.42,138.48,1093.07,27.69,3,16.77,300.39,81.57,35.36,1,30.89,0,13.71
ASSET-1789,Drainage,West,Copper,8.23,61.72,79.13,1069.37,24.06,2,42.57,18.76,69.36,47.37,0,57.57,0,26.4
ASSET-1790,Streetlight,Industrial,PVC,20.81,35.21,137.66,968.57,24.09,3,0.0,280.88,54.8,30.27,2,84.3,1,19.24
ASSET-1791,Pipeline,East,Steel,7.2,46.07,136.47,1478.23,31.04,1,89.66,163.22,56.56,1.51,0,82.38,1,33.05
ASSET-1792,Streetlight,Industrial,PVC,18.59,82.49,100.37,741.18,36.5,4,196.95,73.17,90.7,56.38,1,43.48,0,18.1
ASSET-1793,Streetlight,East,Concrete,17.54,67.23,102.04,1560.65,34.11,2,27.59,176.25,66.06,50.72,0,76.37,0,18.92
ASSET-1794,Streetlight,South,Copper,31.54,55.01,96.82,739.47,20.12,3,235.44,172.81,48.2,40.11,2,57.54,1,3.87
ASSET-1795,Pipeline,Industrial,Copper,32.69,70.55,63.53,869.14,27.04,0,146.91,3.84,90.42,53.15,2,45.83,1,9.82
ASSET-1796,Drainage,North,Steel,19.7,44.73,64.08,996.75,31.28,4,236.06,256.58,83.86,2.82,1,38.84,0,26.02
ASSET-1797,Pipeline,East,Steel,16.17,41.13,83.67,1836.7,29.28,6,0.0,185.8,89.4,65.13,0,51.67,1,21.75
ASSET-1798,Pipeline,East,Concrete,28.34,51.15,67.69,270.0,16.46,0,124.68,269.63,49.3,40.15,2,57.95,0,8.51
ASSET-1799,Streetlight,South,Copper,1.89,62.72,93.36,1106.1,20.08,4,160.79,419.06,74.02,65.22,2,56.21,0,25.74
ASSET-1800,Electrical Pole,,,19.49,30.57,104.18,200.0,17.24,4,,323.06,,38.11,0,34.07,0,16.62
ASSET-1801,Pipeline,Industrial,Steel,22.05,38.44,89.85,924.59,28.92,5,191.29,214.82,75.09,72.08,0,88.52,1,9.84
ASSET-1802,Streetlight,North,PVC,15.1,66.42,85.23,778.48,29.36,6,157.84,125.79,100.0,58.97,2,51.65,0,22.48
ASSET-1803,Bridge,Central,Steel,11.75,49.4,127.44,605.64,15.39,5,145.54,102.97,52.36,63.76,2,33.46,0,15.54
ASSET-1804,Drainage,West,Steel,5.06,47.77,116.99,1557.01,35.19,1,137.91,322.59,95.99,42.18,5,68.97,1,32.54
ASSET-1805,Electrical Pole,Industrial,Steel,28.43,55.89,71.57,674.87,26.63,3,0.0,77.42,66.27,49.55,1,56.7,1,12.12
ASSET-1806,Electrical Pole,East,Concrete,8.13,55.46,134.57,1293.35,11.43,1,167.1,157.57,70.66,22.75,2,52.58,0,29.14
ASSET-1807,Road,North,Steel,16.13,37.98,122.65,1067.32,30.47,1,258.71,307.74,37.62,18.96,2,34.24,1,16.51
ASSET-1808,Drainage,East,Asphalt,16.68,63.53,89.46,1523.3,18.76,0,198.57,277.58,100.0,0.0,2,22.56,0,32.35
ASSET-1809,Streetlight,South,Asphalt,35.56,64.76,66.44,1668.13,20.02,4,136.48,354.42,100.0,23.05,3,64.39,0,15.77
ASSET-1810,Drainage,West,PVC,3.87,41.08,165.08,1414.71,34.0,3,76.8,182.73,67.21,5.13,0,70.74,1,36.83
ASSET-1811,Drainage,North,PVC,14.19,55.51,102.05,1387.83,35.32,1,165.62,255.5,89.75,6.74,1,88.89,0,31.56
ASSET-1812,Drainage,West,Composite,17.01,64.67,118.41,584.72,41.5,4,161.56,13.8,86.3,45.13,3,52.4,1,21.37
ASSET-1813,Streetlight,Industrial,Concrete,8.12,41.36,79.85,528.69,36.61,6,104.34,140.72,39.32,48.92,3,46.53,1,19.52
ASSET-1814,Streetlight,Industrial,PVC,16.83,63.69,146.73,1319.87,26.76,4,6.0,35.32,57.46,55.26,0,48.47,0,17.39
ASSET-1815,Drainage,Central,Composite,12.53,52.25,146.06,1109.28,17.92,4,260.41,129.72,50.74,24.98,1,70.39,0,20.16
ASSET-1816,Pipeline,East,PVC,28.07,34.09,66.47,1006.04,31.16,1,71.41,120.73,88.95,45.57,2,82.1,0,15.82
ASSET-1817,Pipeline,Industrial,Copper,14.94,31.25,59.57,200.0,20.87,3,183.0,181.69,63.17,32.68,0,76.46,1,20.72
ASSET-1818,Electrical Pole,Industrial,Steel,10.14,32.2,119.54,1544.5,9.49,5,60.67,142.59,75.37,46.73,2,57.1,0,25.91
ASSET-1819,Streetlight,South,Copper,13.75,63.24,91.45,2283.21,30.28,2,81.79,184.82,95.39,63.22,0,41.19,1,23.27
ASSET-1820,Electrical Pole,South,PVC,7.39,60.05,164.11,1523.46,10.65,2,70.09,97.8,65.02,42.39,2,77.65,1,26.65
ASSET-1821,Electrical Pole,North,Concrete,23.24,15.92,63.28,1105.14,26.33,5,123.45,185.07,76.28,29.9,1,78.26,1,19.01
ASSET-1822,Road,Central,Concrete,17.16,54.4,93.99,1978.66,15.03,7,25.89,114.58,85.41,55.61,0,38.33,0,21.72
ASSET-1823,Pipeline,South,Composite,20.78,95.0,132.39,1051.14,3.23,4,148.98,141.73,56.69,38.18,0,91.7,1,15.04
ASSET-1824,Bridge,North,Concrete,33.17,68.16,97.69,803.9,24.81,7,189.49,200.37,88.63,45.91,2,75.65,1,9.76
ASSET-1825,Road,Central,Composite,23.17,72.17,99.84,1047.52,20.07,2,0.0,88.81,55.06,24.85,3,55.16,0,18.72
ASSET-1826,Bridge,Central,Composite,20.42,60.47,142.63,854.65,23.0,3,210.92,314.41,80.54,59.66,1,54.89,1,14.05
ASSET-1827,Road,North,Copper,29.79,64.75,72.93,1798.45,23.12,3,191.44,171.12,79.0,48.24,0,64.93,1,9.89
ASSET-1828,Electrical Pole,Industrial,Copper,31.49,35.87,108.5,702.32,34.19,6,91.65,400.96,91.92,49.14,2,75.71,0,12.84
ASSET-1829,Bridge,North,Composite,8.04,58.89,106.5,959.92,29.18,6,86.26,174.56,57.23,0.0,2,57.54,1,32.95
ASSET-1830,Pipeline,West,Composite,18.48,35.26,89.43,1857.96,25.01,4,136.6,56.36,83.25,9.9,0,39.11,0,27.34
ASSET-1831,Electrical Pole,West,PVC,16.25,47.95,94.96,656.85,34.05,5,106.09,132.16,61.57,28.8,0,40.73,0,21.83
ASSET-1832,Electrical Pole,Industrial,PVC,26.6,61.04,144.03,1020.48,21.75,3,94.47,114.0,76.88,35.58,0,80.52,1,16.21
ASSET-1833,Road,East,Concrete,36.97,78.33,111.74,1657.06,41.71,5,73.19,219.23,83.27,15.11,1,77.81,1,14.62
ASSET-1834,Pipeline,North,PVC,1.0,29.99,89.71,1412.21,12.78,3,212.3,186.87,88.9,23.16,0,73.28,0,36.42
ASSET-1835,Pipeline,South,Asphalt,21.69,31.29,70.97,2138.75,16.68,5,81.75,179.68,77.3,0.0,0,59.55,1,27.1
ASSET-1836,Bridge,Central,Asphalt,10.76,74.93,46.82,1539.15,12.61,3,34.85,370.24,47.89,32.56,0,86.79,1,23.88
ASSET-1837,Drainage,North,Steel,22.01,57.74,139.23,1288.45,26.98,4,165.09,130.76,68.14,51.21,1,55.94,1,13.31
ASSET-1838,Drainage,South,Copper,3.99,84.96,75.16,1792.34,26.58,1,220.18,205.45,96.04,31.35,2,26.27,0,33.82
ASSET-1839,Drainage,Industrial,PVC,13.0,29.54,83.76,1483.09,19.56,5,51.47,268.52,95.58,55.27,0,19.74,1,26.02
ASSET-1840,Road,North,Copper,23.82,52.5,65.65,866.23,37.91,1,157.46,201.8,65.57,47.89,3,52.67,0,12.4
ASSET-1841,Drainage,North,Asphalt,15.57,67.44,122.55,1123.38,22.25,0,57.76,66.07,84.32,30.12,1,57.84,1,27.1
ASSET-1842,Electrical Pole,North,Concrete,9.3,86.06,133.95,2170.86,31.15,3,249.18,111.9,56.32,22.97,2,44.28,0,24.05
ASSET-1843,Pipeline,South,Composite,16.45,22.96,109.43,289.74,16.61,6,214.43,217.43,76.96,24.38,0,51.48,1,23.17
ASSET-1844,Drainage,Central,Concrete,2.86,60.05,96.46,639.95,39.12,5,175.35,131.27,71.98,47.55,1,86.83,0,27.94
ASSET-1845,Drainage,West,Asphalt,15.96,44.91,114.03,441.21,33.32,1,171.09,115.17,80.58,53.15,1,36.41,1,19.28
ASSET-1846,Electrical Pole,North,Copper,9.03,40.43,38.15,1876.49,25.99,1,236.45,109.87,76.51,18.49,0,33.44,1,29.02
ASSET-1847,Drainage,Industrial,Asphalt,13.52,72.97,105.4,1284.12,6.91,6,137.89,168.06,92.38,59.95,3,53.55,1,22.42
ASSET-1848,Streetlight,East,PVC,7.97,74.78,54.05,2368.35,25.25,1,21.45,52.24,74.53,34.87,0,51.58,0,30.43
ASSET-1849,Drainage,North,Composite,4.32,66.79,93.36,972.96,13.41,3,86.82,211.77,75.01,50.84,0,24.51,0,28.57
ASSET-1850,Electrical Pole,North,PVC,27.91,36.28,61.79,1174.13,27.72,2,,140.9,97.5,34.95,0,40.76,0,19.48
ASSET-1851,Pipeline,North,Asphalt,15.49,59.76,109.52,1274.5,17.42,3,178.71,65.39,63.62,46.95,2,54.53,0,17.64
ASSET-1852,Pipeline,Industrial,Steel,13.89,28.56,110.77,1991.27,45.0,4,115.93,88.02,38.18,38.54,5,80.87,1,17.12
ASSET-1853,Road,West,Composite,29.17,59.91,105.79,200.0,31.86,2,63.86,147.67,65.57,20.65,1,47.95,1,15.98
ASSET-1854,Electrical Pole,West,Concrete,19.0,25.26,88.58,542.22,19.23,4,0.0,97.76,82.24,6.74,4,79.68,1,30.16
ASSET-1855,Pipeline,West,Concrete,13.05,39.26,101.06,331.52,6.98,3,109.28,189.44,60.93,60.48,0,37.51,0,17.55
ASSET-1856,Drainage,Industrial,Steel,22.87,31.77,58.99,1274.01,15.52,3,64.01,93.83,34.16,37.79,0,54.97,1,11.3
ASSET-1857,Bridge,North,Composite,12.88,50.87,90.51,1316.18,18.45,6,0.0,157.34,87.05,44.54,0,43.45,0,27.75
ASSET-1858,Bridge,West,Asphalt,7.93,66.98,72.8,1353.07,27.38,8,145.06,98.89,45.72,29.48,1,18.21,1,23.88
ASSET-1859,Streetlight,Industrial,PVC,10.86,60.95,79.03,1781.17,10.97,5,193.11,275.65,43.81,41.29,0,32.69,1,18.16
ASSET-1860,Drainage,North,Concrete,13.86,36.9,122.62,1507.84,14.63,2,89.54,172.76,90.11,48.82,1,53.31,1,24.96
ASSET-1861,Pipeline,Industrial,Concrete,1.0,80.84,81.59,2132.9,26.76,8,168.51,36.8,60.94,31.62,0,51.21,1,30.57
ASSET-1862,Bridge,Industrial,Composite,4.33,55.11,102.12,597.53,42.46,4,54.66,17.05,73.08,29.79,2,55.42,1,33.07
ASSET-1863,Electrical Pole,Central,Steel,6.06,88.41,108.07,1047.53,26.48,4,5.69,195.77,63.9,45.15,0,47.12,0,28.12
ASSET-1864,Bridge,North,Concrete,34.63,79.62,20.0,1894.06,24.34,2,39.43,85.09,59.76,12.46,0,39.27,0,13.24
ASSET-1865,Drainage,Industrial,Concrete,21.23,56.0,111.68,1160.18,13.24,4,39.62,244.66,51.01,21.25,0,70.14,1,19.28
ASSET-1866,Streetlight,North,Steel,19.76,55.4,151.57,200.0,15.65,1,0.0,108.05,84.38,23.17,1,26.99,0,26.72
ASSET-1867,Bridge,North,Steel,10.03,45.77,114.27,200.0,20.9,6,84.39,0.0,95.03,49.7,2,26.61,1,28.46
ASSET-1868,Pipeline,North,Asphalt,33.12,39.53,79.72,778.33,33.52,3,158.54,187.59,70.29,16.06,4,31.66,1,13.09
ASSET-1869,Streetlight,North,Concrete,22.12,62.53,129.63,2032.85,23.76,5,261.19,173.48,52.8,27.31,0,64.69,1,13.33
ASSET-1870,Streetlight,Central,Steel,28.64,52.58,46.37,1812.99,9.01,0,105.73,205.18,79.6,33.68,4,59.17,1,15.43
ASSET-1871,Bridge,West,PVC,28.35,70.74,56.21,1098.16,44.11,2,66.03,197.06,63.57,19.13,0,83.78,0,16.45
ASSET-1872,Electrical Pole,Industrial,Asphalt,16.63,28.44,49.65,2524.08,22.99,4,58.29,212.1,98.27,21.95,2,32.7,1,30.49
ASSET-1873,Electrical Pole,Central,Copper,38.23,60.37,82.62,1021.28,20.41,3,0.0,170.2,69.48,44.77,0,44.12,1,6.79
ASSET-1874,Bridge,North,Copper,17.92,22.75,99.3,200.0,35.09,5,45.91,246.11,74.01,14.82,0,63.7,1,26.9
ASSET-1875,Road,North,PVC,10.06,76.9,95.42,780.25,41.18,5,0.0,131.36,47.09,19.0,1,64.37,1,27.63
ASSET-1876,Drainage,South,Composite,20.61,76.56,114.1,1544.85,26.81,6,94.7,150.97,37.7,56.12,1,100.0,1,9.24
ASSET-1877,Bridge,West,Steel,13.94,56.77,111.4,538.86,28.23,4,95.7,297.26,55.73,40.5,3,45.28,0,20.26
ASSET-1878,Road,South,Concrete,15.03,95.0,109.23,896.28,32.22,2,0.0,317.24,52.14,84.03,0,96.4,0,12.06
ASSET-1879,Electrical Pole,Central,Asphalt,4.31,75.51,109.99,1702.65,33.71,3,15.29,174.91,76.01,25.56,1,63.93,0,35.25
ASSET-1880,Road,West,Concrete,8.9,62.9,86.98,780.01,32.09,2,83.47,187.21,96.74,38.86,2,52.64,1,31.74
ASSET-1881,Bridge,North,Composite,17.22,54.02,103.8,1022.42,37.06,3,0.0,454.28,66.11,61.26,3,75.01,1,17.59
ASSET-1882,Pipeline,West,Composite,16.02,60.73,56.76,2394.09,17.33,3,127.92,169.26,60.18,62.89,2,63.8,0,14.48
ASSET-1883,Drainage,Industrial,Steel,14.0,76.29,81.07,2142.24,26.0,6,110.89,187.15,94.06,78.88,3,73.79,1,19.14
ASSET-1884,Electrical Pole,East,Copper,23.89,44.86,103.86,652.17,28.38,4,0.0,183.87,79.47,33.33,2,33.85,1,20.92
ASSET-1885,Bridge,South,Copper,10.24,75.7,95.02,1403.93,20.08,4,0.0,264.6,100.0,13.7,0,65.94,0,38.09
ASSET-1886,Streetlight,South,Composite,32.74,54.96,58.12,1074.83,15.73,2,95.68,87.07,58.0,36.49,1,32.37,1,8.31
ASSET-1887,Road,Industrial,PVC,21.96,47.36,116.61,1668.3,20.1,5,53.04,312.38,57.62,42.05,1,39.7,1,15.53
ASSET-1888,Road,Central,Steel,27.01,42.72,44.0,200.0,17.12,6,220.62,108.14,65.26,25.7,0,40.92,1,13.29
ASSET-1889,Streetlight,North,Copper,27.81,65.08,103.19,398.91,25.91,0,187.42,205.86,47.79,67.33,0,67.55,1,1.92
ASSET-1890,Streetlight,Central,Steel,23.55,30.21,93.86,217.9,-0.62,1,70.67,244.43,73.21,36.87,0,48.46,0,17.91
ASSET-1891,Electrical Pole,Industrial,Steel,8.7,30.5,77.19,1244.71,19.85,3,175.59,129.92,47.99,46.27,1,63.92,1,19.78
ASSET-1892,Bridge,North,Steel,24.26,64.13,95.86,2634.87,13.44,2,197.39,194.26,85.64,38.4,3,39.86,1,16.81
ASSET-1893,Drainage,West,Steel,31.42,78.42,58.69,1578.4,24.61,2,0.0,78.92,84.75,51.28,1,72.71,1,13.0
ASSET-1894,Road,North,Composite,27.45,58.09,73.33,1464.63,29.38,5,189.23,43.78,62.82,0.0,2,54.18,1,18.31
ASSET-1895,Bridge,West,PVC,22.31,25.49,137.03,483.4,31.97,4,104.84,152.98,60.51,60.9,1,35.15,1,11.0
ASSET-1896,Drainage,North,Concrete,14.16,57.57,121.93,837.23,20.16,4,189.87,43.12,81.1,25.72,1,94.03,0,25.74
ASSET-1897,Streetlight,South,Steel,16.04,70.09,116.57,491.99,8.39,5,33.32,13.58,90.47,14.61,0,93.54,0,31.47
ASSET-1898,Drainage,Central,Concrete,1.4,29.87,81.21,1055.85,16.96,1,240.8,206.3,82.53,32.26,1,74.79,1,32.61
ASSET-1899,Bridge,Industrial,Asphalt,8.04,60.3,115.88,2126.88,42.53,4,211.09,0.0,99.94,20.48,1,65.94,0,34.04
ASSET-1900,Pipeline,West,Steel,16.47,58.93,142.63,969.47,15.22,7,,372.22,,8.53,2,40.29,0,29.28
ASSET-1901,Pipeline,South,Concrete,18.07,53.49,46.47,712.31,44.85,4,105.95,361.29,64.87,33.17,2,50.79,1,20.27
ASSET-1902,Road,South,Composite,10.53,10.0,66.91,632.38,26.43,2,292.64,74.24,97.21,39.4,2,71.43,0,26.39
ASSET-1903,Bridge,West,Steel,1.0,54.77,87.13,520.21,29.14,7,0.0,126.55,49.58,36.44,1,47.1,1,30.94
ASSET-1904,Streetlight,West,Concrete,24.9,87.72,174.84,756.22,8.61,5,248.84,261.37,100.0,30.49,0,60.08,0,19.5
ASSET-1905,Bridge,South,Copper,14.69,68.26,124.09,1828.85,29.6,4,183.55,0.0,75.79,36.05,1,56.42,1,22.48
ASSET-1906,Drainage,East,Steel,22.32,43.51,128.89,1484.19,26.36,2,185.23,200.67,58.4,33.87,2,67.93,1,14.41
ASSET-1907,Bridge,Industrial,PVC,22.87,56.85,125.77,1942.68,31.64,2,35.36,125.61,100.0,40.63,4,55.84,0,23.16
ASSET-1908,Bridge,East,Steel,15.41,53.52,92.23,735.81,14.66,5,204.39,424.5,64.19,27.95,0,78.26,1,21.09
ASSET-1909,Streetlight,North,PVC,26.15,37.46,67.93,1771.51,28.45,5,49.38,0.0,56.25,48.76,4,50.27,1,11.08
ASSET-1910,Drainage,West,Asphalt,40.76,71.6,53.21,1328.42,32.78,0,171.56,297.27,79.18,33.77,1,53.84,1,5.54
ASSET-1911,Pipeline,South,PVC,6.24,41.25,82.5,1268.1,19.99,2,180.78,217.06,62.29,45.13,0,59.14,0,24.2
ASSET-1912,Electrical Pole,Central,Steel,27.75,42.93,59.83,1112.92,12.73,3,97.55,0.0,81.55,31.35,3,61.88,1,17.03
ASSET-1913,Streetlight,South,Concrete,25.36,78.8,91.05,1199.51,10.84,6,108.34,79.43,85.32,0.0,0,74.35,0,25.44
ASSET-1914,Streetlight,West,Steel,13.62,40.64,82.52,200.0,31.44,3,98.21,153.13,72.25,48.07,1,33.49,0,21.89
ASSET-1915,Drainage,East,Concrete,23.76,64.97,101.17,1845.14,25.27,6,232.58,238.23,58.54,32.38,3,31.04,0,12.78
ASSET-1916,Electrical Pole,South,Steel,14.08,48.14,69.04,1723.73,28.39,2,168.44,164.16,55.98,20.74,2,74.9,1,22.7
ASSET-1917,Streetlight,South,Copper,13.13,65.89,142.45,444.68,28.2,5,112.39,303.83,100.0,41.87,1,75.59,0,28.19
ASSET-1918,Streetlight,North,Asphalt,26.42,10.0,94.92,963.24,28.57,3,113.19,93.68,85.22,68.1,0,32.85,0,10.96
ASSET-1919,Road,West,Composite,18.2,54.43,130.13,462.48,20.16,0,230.0,205.05,63.66,8.55,0,65.46,0,22.41
ASSET-1920,Road,West,Copper,6.93,57.08,156.29,991.45,16.35,4,21.94,352.0,97.27,31.72,0,50.34,0,35.87
ASSET-1921,Electrical Pole,North,Asphalt,15.04,62.67,126.19,578.09,34.1,5,79.38,71.33,74.09,13.81,3,37.77,1,28.46
ASSET-1922,Road,Central,Concrete,23.48,53.39,78.18,1138.3,34.72,1,87.03,104.83,71.3,21.31,0,39.01,0,20.4
ASSET-1923,Drainage,South,Steel,34.38,59.93,101.37,1030.43,24.54,3,162.15,190.08,50.92,40.07,0,65.45,1,3.84
ASSET-1924,Bridge,Industrial,Concrete,3.91,53.08,59.16,1201.69,30.2,7,0.0,277.55,74.36,25.99,2,53.75,1,35.45
ASSET-1925,Electrical Pole,East,Steel,25.18,35.15,76.01,1766.16,38.37,3,0.0,160.1,72.58,30.34,2,49.42,0,19.37
ASSET-1926,Streetlight,Industrial,Copper,26.39,31.67,132.11,2130.05,16.78,2,152.86,61.28,63.13,57.05,2,93.64,1,8.42
ASSET-1927,Drainage,West,Steel,19.71,42.78,96.54,1109.65,23.77,3,45.46,208.22,46.64,20.66,1,17.33,0,19.56
ASSET-1928,Drainage,South,PVC,25.69,13.94,115.09,424.31,21.36,5,295.85,191.65,36.31,54.07,1,59.26,0,1.82
ASSET-1929,Electrical Pole,Industrial,Concrete,23.58,10.49,95.2,954.18,36.0,5,0.0,306.26,80.09,4.06,1,76.63,0,27.1
ASSET-1930,Road,West,Composite,5.86,82.55,49.62,725.26,16.51,6,80.72,63.72,80.01,48.22,2,53.12,1,29.04
ASSET-1931,Road,East,Asphalt,20.55,42.0,145.24,1886.52,34.75,5,161.58,55.56,83.4,37.29,3,72.53,0,19.94
ASSET-1932,Electrical Pole,Central,Copper,23.5,21.32,92.33,865.26,27.27,3,97.92,225.9,64.22,37.43,0,43.02,0,15.67
ASSET-1933,Bridge,Industrial,Concrete,24.56,30.4,132.37,1784.64,22.59,9,219.45,85.07,85.43,36.32,0,38.74,1,16.53
ASSET-1934,Pipeline,Industrial,Concrete,27.95,43.04,91.94,647.38,18.27,3,151.05,0.0,72.3,20.08,3,100.0,1,16.41
ASSET-1935,Electrical Pole,East,Concrete,14.41,20.56,98.51,1076.74,42.74,7,189.23,121.33,84.2,40.3,1,29.95,1,23.22
ASSET-1936,Pipeline,West,Copper,28.62,57.16,91.97,839.91,17.86,4,0.0,258.95,53.03,0.0,4,42.55,1,19.51
ASSET-1937,Pipeline,South,Composite,10.78,77.69,150.63,280.2,16.39,2,194.78,343.91,52.56,63.29,0,64.05,1,15.36
ASSET-1938,Road,Central,Composite,5.29,52.56,91.67,1010.91,28.46,1,49.3,223.79,96.16,34.54,2,71.65,0,35.71
ASSET-1939,Bridge,East,Steel,26.31,35.93,71.69,785.96,42.36,5,157.07,216.62,48.23,73.76,2,71.02,1,2.37
ASSET-1940,Electrical Pole,West,Composite,1.0,70.59,84.31,406.33,16.42,1,17.46,186.05,65.04,41.68,4,55.67,0,32.32
ASSET-1941,Streetlight,Industrial,Steel,1.0,50.16,130.8,1148.44,38.76,4,0.0,190.96,77.35,56.61,4,74.34,1,31.9
ASSET-1942,Bridge,East,PVC,22.4,68.52,89.96,322.27,25.37,4,23.71,312.66,90.1,7.56,3,52.45,0,28.55
ASSET-1943,Streetlight,Industrial,Asphalt,10.22,76.59,93.47,2339.51,17.32,0,97.56,258.92,55.31,8.4,1,31.65,1,29.17
ASSET-1944,Road,East,PVC,21.07,48.19,109.83,369.7,36.68,3,181.08,275.99,51.17,52.65,0,33.34,1,10.31
ASSET-1945,Streetlight,Central,Concrete,37.64,77.24,157.21,977.87,25.92,5,119.02,105.39,55.87,39.28,0,38.29,1,3.47
ASSET-1946,Streetlight,Industrial,Copper,21.94,53.1,123.12,945.05,19.77,4,55.04,114.19,60.87,30.81,4,33.22,0,18.34
ASSET-1947,Drainage,Central,PVC,30.96,69.76,142.01,3082.01,37.88,5,15.0,61.38,78.48,1.04,2,19.57,0,21.95
ASSET-1948,Electrical Pole,North,Steel,29.52,48.57,98.8,750.98,7.91,6,226.86,144.85,83.91,27.18,1,71.66,0,14.47
ASSET-1949,Drainage,North,Concrete,23.55,81.82,110.57,1216.85,18.15,3,184.8,29.82,91.9,29.38,0,38.22,0,20.48
ASSET-1950,Bridge,,Concrete,24.74,54.71,142.66,442.15,19.8,3,,180.61,77.75,44.69,3,34.54,1,16.54
ASSET-1951,Pipeline,North,Composite,21.38,42.06,107.9,1458.8,16.12,2,160.93,182.34,68.05,48.16,2,48.47,1,14.43
ASSET-1952,Bridge,South,Copper,9.48,29.76,96.0,346.1,25.89,6,91.72,126.38,100.0,65.19,0,60.5,0,26.49
ASSET-1953,Road,East,Asphalt,21.29,59.07,149.44,1252.34,27.14,5,215.19,273.69,81.69,3.83,0,72.75,0,24.73
ASSET-1954,Streetlight,South,Asphalt,20.5,71.52,151.61,493.82,35.24,3,194.83,175.88,100.0,37.6,0,65.56,0,22.23
ASSET-1955,Drainage,Industrial,Composite,21.24,77.76,108.44,2685.04,24.0,3,71.69,188.57,76.16,40.62,1,47.02,1,19.28
ASSET-1956,Bridge,North,Concrete,9.18,47.5,129.25,2014.08,24.31,2,113.51,389.17,89.98,46.01,2,85.73,0,28.3
ASSET-1957,Bridge,Central,Composite,6.47,47.16,79.14,1552.27,26.44,5,79.45,317.2,70.75,48.89,3,78.07,1,26.84
ASSET-1958,Streetlight,East,Composite,21.61,71.39,147.25,1508.16,18.43,5,117.02,0.0,80.32,37.33,3,44.5,1,19.52
ASSET-1959,Pipeline,West,Copper,2.94,58.37,106.41,1256.3,25.19,1,108.89,145.16,91.31,42.59,1,89.03,0,33.68
ASSET-1960,Streetlight,Central,Asphalt,15.31,66.16,89.99,2178.69,25.78,4,108.81,199.65,93.59,51.92,1,88.62,1,23.57
ASSET-1961,Streetlight,South,PVC,26.73,46.24,53.59,950.99,28.72,5,228.73,70.55,64.1,11.45,0,46.7,1,15.96
ASSET-1962,Pipeline,South,Asphalt,21.67,70.43,66.55,714.43,8.98,4,61.43,346.3,79.38,31.57,0,31.1,1,21.58
ASSET-1963,Pipeline,North,Steel,4.32,42.56,74.03,600.5,28.39,5,83.31,373.52,40.56,36.16,1,48.09,1,25.38
ASSET-1964,Drainage,South,Copper,11.02,54.86,88.23,964.87,13.31,0,96.92,139.79,68.45,32.83,0,54.18,0,26.1
ASSET-1965,Electrical Pole,Central,PVC,9.46,85.48,71.01,977.41,18.49,2,121.97,169.78,63.73,29.33,0,65.23,1,26.54
ASSET-1966,Bridge,Industrial,Composite,38.55,37.5,106.82,1226.97,31.02,5,136.43,176.02,64.18,19.7,1,34.88,0,7.9
ASSET-1967,Bridge,South,Steel,12.06,77.14,97.96,1735.6,38.23,3,136.59,149.82,57.37,15.94,2,61.76,1,25.96
ASSET-1968,Pipeline,Central,Steel,36.47,74.44,73.06,1704.21,22.25,6,81.09,74.76,57.68,20.11,0,47.69,1,9.21
ASSET-1969,Pipeline,South,Steel,26.57,90.92,55.09,1958.11,20.7,4,0.0,232.4,35.9,41.28,1,61.44,1,9.61
ASSET-1970,Road,Industrial,PVC,10.65,65.99,106.73,1074.03,31.05,3,162.3,167.41,75.9,46.49,0,35.79,0,23.66
ASSET-1971,Bridge,East,Asphalt,20.76,78.79,103.97,1390.89,24.62,5,105.13,134.61,91.9,24.39,2,77.91,1,25.03
ASSET-1972,Bridge,Central,PVC,23.67,30.02,95.81,1078.8,20.54,4,181.54,134.14,68.92,30.18,3,53.37,1,16.17
ASSET-1973,Road,West,Asphalt,5.66,23.53,105.88,743.59,31.02,1,76.89,46.94,79.82,47.98,2,38.45,0,29.27
ASSET-1974,Drainage,East,Steel,10.54,59.69,44.37,1055.32,38.65,3,0.92,119.26,60.65,77.81,3,71.16,1,17.96
ASSET-1975,Electrical Pole,Central,Copper,14.57,79.01,61.0,1845.95,33.35,3,211.13,135.28,49.23,54.56,1,68.83,1,13.53
ASSET-1976,Electrical Pole,East,Asphalt,36.21,40.55,90.7,2141.78,31.02,2,43.6,127.19,58.71,39.75,1,63.03,0,6.4
ASSET-1977,Streetlight,Industrial,Steel,9.59,53.58,33.33,1287.0,35.58,1,158.67,118.9,86.45,38.17,2,59.17,0,28.04
ASSET-1978,Electrical Pole,West,PVC,31.28,61.95,73.84,1259.23,21.68,4,86.42,112.32,75.59,36.12,3,50.53,1,12.76
ASSET-1979,Electrical Pole,West,Concrete,1.0,47.72,46.21,1449.4,9.93,2,91.01,334.4,52.69,35.25,2,84.71,1,29.91
ASSET-1980,Streetlight,North,PVC,25.78,76.88,120.93,474.53,28.24,5,43.48,122.02,57.54,50.45,1,52.22,1,11.35
ASSET-1981,Streetlight,South,Asphalt,5.18,53.65,77.97,1346.0,14.71,4,84.88,55.07,48.11,11.46,1,60.18,1,31.04
ASSET-1982,Pipeline,North,Copper,20.7,61.15,72.24,1835.04,21.02,4,106.87,217.56,68.14,42.87,1,72.65,0,17.06
ASSET-1983,Streetlight,Central,Steel,9.81,19.6,65.8,1841.35,23.61,4,35.71,186.56,53.59,17.48,0,66.01,0,28.57
ASSET-1984,Pipeline,South,Concrete,23.52,66.58,47.36,1196.0,23.23,0,121.28,154.96,81.21,36.62,0,74.66,1,18.4
ASSET-1985,Drainage,Industrial,Composite,1.0,53.71,42.1,652.68,29.72,1,6.1,418.19,47.53,68.01,1,48.55,0,24.13
ASSET-1986,Streetlight,West,Steel,23.67,81.73,60.62,893.85,32.62,4,208.15,231.51,100.0,38.57,1,63.79,1,19.55
ASSET-1987,Streetlight,Central,Copper,16.58,71.96,102.11,1672.91,33.5,4,160.14,78.97,62.09,51.87,3,23.07,0,15.99
ASSET-1988,Electrical Pole,East,Asphalt,12.32,55.47,68.62,706.49,29.27,7,0.0,162.95,80.34,50.6,1,89.71,1,25.72
ASSET-1989,Drainage,East,Asphalt,18.29,81.24,75.61,1234.79,14.09,5,110.36,215.78,66.36,46.73,2,40.1,1,17.59
ASSET-1990,Pipeline,East,PVC,8.63,54.44,114.79,2317.74,27.73,6,0.0,381.3,82.9,34.01,1,38.07,1,32.08
ASSET-1991,Drainage,Central,Concrete,9.79,93.21,65.33,595.04,18.68,1,121.22,288.89,61.01,7.53,1,57.0,1,30.2
ASSET-1992,Drainage,Industrial,Asphalt,28.03,45.91,87.2,1110.28,25.8,3,75.63,0.0,61.82,49.3,2,49.52,0,10.13
ASSET-1993,Pipeline,South,Composite,30.99,54.43,54.86,208.57,35.96,3,22.87,0.0,64.88,43.1,0,39.04,0,10.91
ASSET-1994,Drainage,Industrial,Asphalt,12.51,79.86,53.21,814.98,35.9,4,134.33,115.16,72.55,24.24,0,38.56,1,26.77
ASSET-1995,Streetlight,Central,Concrete,25.84,53.79,104.44,1291.0,28.97,3,81.47,98.47,46.55,12.56,0,29.15,1,16.15
ASSET-1996,Pipeline,West,Copper,4.18,75.84,101.73,928.9,45.0,0,198.05,168.85,86.13,37.18,0,59.72,0,31.18
ASSET-1997,Road,Central,Asphalt,21.36,11.16,153.32,1386.72,31.05,1,175.25,288.95,76.56,34.81,0,54.11,1,18.36
ASSET-1998,Drainage,Industrial,PVC,12.88,66.44,69.5,1538.79,17.45,3,169.28,109.62,83.71,46.06,1,78.91,1,23.45
ASSET-1999,Streetlight,West,Composite,18.78,77.05,148.8,1055.22,30.8,2,37.37,160.45,47.47,16.25,2,48.75,1,21.4
ASSET-2000,Bridge,South,,45.11,60.99,150.53,1514.6,35.03,4,,296.47,,39.2,1,67.69,0,16.81
ASSET-2001,Pipeline,Central,Asphalt,11.29,40.72,137.76,2318.65,16.64,2,211.4,233.35,84.18,52.93,1,63.94,1,22.44
ASSET-2002,Pipeline,Central,PVC,20.52,37.83,104.45,1942.63,21.99,4,136.54,151.53,84.18,21.4,3,69.27,1,23.78
ASSET-2003,Electrical Pole,West,Steel,8.63,88.96,100.04,766.23,34.94,4,0.0,127.43,77.02,0.0,1,60.84,1,37.82
ASSET-2004,Road,South,PVC,6.17,60.41,95.22,485.22,33.28,5,96.82,160.14,85.07,30.99,0,66.76,1,32.86
ASSET-2005,Electrical Pole,Industrial,Asphalt,9.87,47.2,138.74,1119.61,25.02,5,160.43,88.08,70.91,35.72,1,63.21,1,25.5
ASSET-2006,Electrical Pole,East,Asphalt,43.87,31.48,124.4,1910.03,29.44,2,253.17,0.0,59.7,58.43,0,86.74,1,1.0
ASSET-2007,Electrical Pole,Industrial,Steel,2.88,32.76,79.05,1450.44,23.0,3,233.63,331.34,64.54,0.8,0,62.31,1,34.77
ASSET-2008,Pipeline,West,Concrete,24.56,56.26,92.87,717.27,30.89,7,0.0,172.25,54.53,5.19,0,64.83,1,21.59
ASSET-2009,Pipeline,Central,Asphalt,22.05,84.21,95.26,200.0,22.86,1,23.46,238.06,75.5,46.75,0,72.23,0,18.34
ASSET-2010,Pipeline,Industrial,Composite,13.87,77.33,105.34,1075.8,26.91,3,247.69,204.54,71.97,30.23,2,70.74,1,22.25
ASSET-2011,Electrical Pole,North,PVC,15.26,31.89,67.94,1089.5,37.14,3,72.47,3.93,99.24,46.38,2,75.31,0,26.46
ASSET-2012,Streetlight,North,PVC,16.35,56.69,139.66,1307.75,30.29,5,171.43,167.18,71.39,50.55,2,79.03,1,17.87
ASSET-2013,Road,South,PVC,23.51,66.93,81.61,851.31,32.03,2,118.34,317.9,93.97,41.04,1,55.78,0,19.88
ASSET-2014,Electrical Pole,South,PVC,26.68,54.27,78.25,1929.46,26.63,2,158.32,277.12,53.86,30.99,1,66.14,1,11.65
ASSET-2015,Pipeline,East,Asphalt,24.32,43.97,50.22,1819.08,14.92,4,109.44,196.24,100.0,95.77,0,75.71,0,9.63
ASSET-2016,Pipeline,North,PVC,16.44,75.96,123.72,2045.85,27.56,2,194.21,191.8,67.79,25.48,3,86.86,1,21.71
ASSET-2017,Electrical Pole,North,Copper,6.05,67.44,83.83,319.64,26.33,2,0.0,101.83,53.5,22.07,0,50.89,1,30.98
ASSET-2018,Electrical Pole,South,Concrete,10.87,62.51,112.81,1356.09,22.88,3,53.03,98.7,84.66,0.0,1,52.18,0,36.57
ASSET-2019,Bridge,Central,PVC,23.99,26.5,95.37,1405.79,7.86,1,112.66,231.41,75.28,46.21,0,29.4,0,15.26
ASSET-2020,Electrical Pole,East,PVC,18.85,30.41,69.04,1759.37,26.7,2,64.16,242.09,75.82,10.71,0,91.87,0,27.03
ASSET-2021,Electrical Pole,East,Concrete,5.78,65.55,140.32,1288.56,19.6,1,4.8,217.67,98.12,27.09,0,70.55,0,38.1
ASSET-2022,Pipeline,South,Concrete,11.14,60.49,96.25,954.32,24.86,7,168.36,289.25,55.46,56.92,2,31.01,1,17.43
ASSET-2023,Pipeline,East,Asphalt,23.4,44.73,48.63,1277.87,29.85,4,111.27,146.94,100.0,11.35,2,58.28,1,27.12
ASSET-2024,Bridge,North,Steel,9.46,54.03,53.21,842.71,24.58,0,160.51,83.62,45.87,13.39,4,22.39,1,25.75
ASSET-2025,Bridge,South,Copper,22.36,39.97,84.5,1562.36,29.99,2,11.37,242.21,81.94,29.3,2,49.98,0,23.01
ASSET-2026,Streetlight,Central,Composite,9.73,55.08,110.57,1385.55,29.58,2,246.55,145.76,69.86,8.63,1,67.58,0,29.11
ASSET-2027,Road,West,Asphalt,25.63,86.24,110.61,1366.15,20.98,2,197.62,275.11,52.61,49.46,2,37.95,0,7.68
ASSET-2028,Road,South,Concrete,23.4,34.01,22.12,1103.94,27.32,3,349.37,217.89,74.65,43.59,0,74.73,0,11.35
ASSET-2029,Pipeline,Industrial,PVC,21.61,61.3,76.28,261.4,20.49,4,84.42,209.17,67.82,43.61,0,61.47,1,16.67
ASSET-2030,Drainage,Central,Copper,11.59,24.23,90.05,2121.79,11.87,4,183.81,410.0,63.13,22.36,0,78.53,0,25.1
ASSET-2031,Pipeline,South,Composite,9.33,47.59,39.53,1730.38,35.42,5,0.0,240.72,41.89,36.16,1,63.58,1,23.78
ASSET-2032,Electrical Pole,North,Steel,23.35,54.84,36.13,1521.07,25.88,2,0.0,334.0,94.16,49.12,0,12.69,1,20.78
ASSET-2033,Electrical Pole,South,Composite,25.65,62.33,83.76,1874.88,32.63,4,122.8,185.1,84.24,17.85,2,41.43,1,21.18
ASSET-2034,Bridge,South,Steel,31.37,65.64,74.35,1248.36,17.32,7,249.83,249.62,100.0,38.04,2,80.05,0,13.44
ASSET-2035,Drainage,Industrial,Concrete,17.94,56.42,123.01,1587.9,18.2,0,105.96,0.0,54.16,17.51,0,72.77,1,21.57
ASSET-2036,Drainage,West,Concrete,28.38,65.17,113.98,1593.67,2.53,4,0.0,230.91,34.32,31.39,2,37.88,1,10.03
ASSET-2037,Road,Industrial,Copper,27.62,65.13,106.42,1618.8,21.77,4,120.8,178.75,59.9,10.15,0,50.94,0,17.0
ASSET-2038,Drainage,North,PVC,10.63,72.04,59.83,1097.09,35.5,5,217.3,120.92,86.12,13.74,1,54.73,1,30.97
ASSET-2039,Pipeline,Industrial,Concrete,12.24,47.76,80.2,610.56,32.71,3,136.11,196.38,72.99,36.86,1,83.53,0,24.48
ASSET-2040,Road,Central,Steel,25.61,55.37,81.59,1128.71,28.76,6,10.16,245.98,92.28,5.27,1,38.84,0,27.43
ASSET-2041,Bridge,South,Composite,22.31,47.83,91.1,953.37,31.48,4,138.47,196.06,82.3,29.76,4,35.77,1,20.48
ASSET-2042,Road,South,Composite,1.0,18.83,32.61,1603.9,29.96,6,35.47,254.55,73.02,38.33,2,44.39,0,34.07
ASSET-2043,Streetlight,East,PVC,43.87,81.64,79.05,545.56,24.21,4,205.25,63.13,77.14,4.42,2,56.06,1,8.19
ASSET-2044,Streetlight,Industrial,Copper,37.37,24.08,136.12,200.0,13.06,0,140.03,62.63,47.73,39.06,2,58.72,1,1.82
ASSET-2045,Streetlight,North,Concrete,16.38,91.58,99.38,1683.41,26.29,1,163.99,114.42,70.36,41.11,0,29.03,0,19.7
ASSET-2046,Road,Central,Steel,27.09,41.73,76.51,1299.86,21.53,4,115.91,199.86,59.37,38.87,3,47.78,1,11.63
ASSET-2047,Pipeline,South,Copper,27.15,53.97,117.03,1277.26,24.7,4,217.09,203.61,80.61,27.63,3,69.53,1,15.64
ASSET-2048,Electrical Pole,North,Steel,18.78,52.55,124.34,836.28,8.95,4,215.2,339.13,70.07,35.87,2,53.24,0,17.99
ASSET-2049,Electrical Pole,West,PVC,23.16,53.29,125.34,1633.79,32.29,3,274.07,228.39,76.45,19.78,1,60.06,0,18.11
ASSET-2050,Bridge,West,Composite,10.12,49.15,90.03,1233.55,9.14,3,,177.91,90.63,76.05,2,35.78,0,22.22
ASSET-2051,Bridge,East,Asphalt,14.55,66.92,109.5,1792.4,24.12,3,260.19,185.87,53.7,64.5,0,10.0,1,11.38
ASSET-2052,Streetlight,South,Asphalt,25.69,73.21,107.42,418.53,24.47,3,77.02,321.21,53.16,41.32,3,64.87,1,11.78
ASSET-2053,Pipeline,North,Asphalt,30.41,66.27,107.88,1420.1,30.52,3,15.85,275.4,92.91,40.04,0,29.96,1,17.11
ASSET-2054,Bridge,West,PVC,18.86,28.02,50.33,1187.56,18.13,4,107.26,119.34,41.31,17.94,0,35.94,0,18.5
ASSET-2055,Streetlight,Industrial,Concrete,14.71,32.05,90.09,1344.25,17.56,4,11.09,68.78,69.96,48.74,2,87.02,1,22.33
ASSET-2056,Drainage,North,Asphalt,14.23,52.45,64.02,447.74,27.06,2,218.59,33.76,80.75,14.89,0,67.7,0,27.22
ASSET-2057,Streetlight,Industrial,PVC,11.24,44.68,70.64,2271.02,19.44,4,103.85,202.14,60.93,30.98,2,42.47,0,24.83
ASSET-2058,Drainage,South,Copper,28.89,78.71,113.19,1241.93,-1.92,4,88.69,155.37,37.85,44.87,0,60.13,1,5.84
ASSET-2059,Drainage,South,Concrete,27.05,45.61,131.48,751.81,30.4,1,202.49,267.6,80.43,27.13,0,50.97,0,16.07
ASSET-2060,Drainage,Industrial,PVC,29.1,57.6,48.41,525.16,36.28,4,21.28,3.42,60.75,0.0,1,100.0,1,20.14
ASSET-2061,Electrical Pole,West,Composite,2.03,51.28,134.36,1649.45,23.66,3,27.53,153.23,76.38,57.1,0,54.58,1,30.36
ASSET-2062,Drainage,Central,Composite,8.51,59.51,118.51,1577.79,14.47,4,65.81,281.11,69.1,4.61,1,66.25,0,34.24
ASSET-2063,Road,South,Asphalt,20.44,44.76,77.44,607.5,21.45,2,197.61,89.89,74.2,36.09,2,77.61,1,17.88
ASSET-2064,Streetlight,North,Composite,24.96,62.06,63.54,558.68,17.39,5,125.87,266.87,90.05,20.48,1,57.77,0,22.12
ASSET-2065,Bridge,North,PVC,14.72,44.3,130.54,1231.18,25.12,2,174.02,79.49,80.19,44.64,0,63.72,0,21.72
ASSET-2066,Pipeline,South,Copper,19.86,54.21,95.39,1237.07,26.17,4,31.69,164.78,76.77,36.95,2,69.16,0,21.89
ASSET-2067,Drainage,North,Steel,9.3,51.67,85.66,1197.39,24.97,5,134.19,303.05,76.34,18.39,0,68.87,0,30.87
ASSET-2068,Electrical Pole,West,PVC,1.86,28.08,95.32,1770.55,36.76,3,204.87,187.23,44.43,34.84,0,74.53,0,25.63
ASSET-2069,Streetlight,Central,PVC,17.74,29.44,50.01,1187.41,3.22,2,138.48,74.3,89.89,58.82,0,52.64,0,19.23
ASSET-2070,Electrical Pole,West,PVC,27.95,54.97,53.17,1114.01,17.32,6,168.47,148.62,74.56,8.84,0,85.96,0,18.72
ASSET-2071,Streetlight,West,Asphalt,18.54,73.6,101.96,1988.57,7.01,3,251.58,275.62,95.86,34.86,0,39.51,0,22.27
ASSET-2072,Bridge,West,Concrete,7.03,71.14,110.4,1160.06,29.57,4,196.98,275.27,52.81,40.47,0,60.39,1,22.55
ASSET-2073,Drainage,West,Steel,24.04,28.73,82.51,1205.72,27.11,3,26.22,174.6,42.26,30.35,0,55.58,0,14.18
ASSET-2074,Bridge,North,Concrete,12.41,24.85,84.01,1758.49,36.35,8,255.33,60.31,64.65,34.54,1,59.25,0,20.94
ASSET-2075,Road,West,Composite,42.08,33.36,73.59,2186.3,19.46,4,202.77,228.65,75.45,53.77,0,49.07,1,1.0
ASSET-2076,Bridge,West,Copper,23.36,13.61,137.5,1382.04,26.38,0,17.07,140.14,86.53,0.0,2,51.52,0,28.88
ASSET-2077,Bridge,East,Copper,15.77,60.07,103.08,772.54,30.62,0,83.97,195.37,65.79,0.0,2,35.53,0,29.12
ASSET-2078,Road,Industrial,Copper,17.32,58.06,95.59,1901.41,24.52,4,115.53,241.3,97.08,37.75,2,84.2,0,25.49
ASSET-2079,Drainage,South,PVC,31.57,47.29,126.09,1349.26,35.06,5,142.05,223.4,76.59,40.89,1,53.47,0,10.67
ASSET-2080,Drainage,Central,PVC,35.63,64.55,77.8,1033.55,34.51,2,1.44,39.16,40.88,9.02,0,82.93,0,10.58
ASSET-2081,Streetlight,Central,Concrete,17.54,47.73,51.7,1114.12,9.36,3,285.16,246.38,68.22,48.96,0,43.59,0,14.51
ASSET-2082,Road,West,Concrete,35.04,32.15,84.38,1383.62,16.57,5,95.47,246.39,82.55,30.14,4,46.02,1,12.39
ASSET-2083,Pipeline,West,Asphalt,31.49,78.5,148.13,1304.43,17.9,8,93.22,98.65,68.58,15.37,2,47.1,1,15.36
ASSET-2084,Road,South,Copper,15.13,74.36,113.71,1209.35,26.54,4,85.51,179.75,80.84,32.48,2,42.94,0,25.75
ASSET-2085,Pipeline,Industrial,Steel,11.96,40.31,78.05,1972.31,31.53,1,155.0,140.94,59.72,5.29,2,33.45,1,28.22
ASSET-2086,Bridge,East,Composite,17.48,36.07,118.28,999.39,23.79,3,144.21,181.3,71.22,24.63,0,37.87,1,22.77
ASSET-2087,Road,Central,Composite,25.18,48.88,75.08,356.56,9.52,2,191.04,124.29,79.21,22.94,2,51.67,0,18.22
ASSET-2088,Streetlight,Industrial,Copper,5.68,49.62,150.02,2273.93,29.38,3,144.31,211.69,71.28,43.82,1,52.31,0,27.2
ASSET-2089,Drainage,Central,Steel,6.05,45.8,118.99,1181.12,27.7,3,35.23,156.14,53.6,13.27,3,50.44,1,32.05
ASSET-2090,Drainage,East,Asphalt,10.59,87.36,119.45,977.09,28.85,3,64.59,227.47,66.16,36.51,3,74.4,1,25.9
ASSET-2091,Drainage,Central,Composite,12.5,64.72,61.16,1470.25,26.34,4,96.2,388.41,55.78,54.43,0,67.08,1,18.48
ASSET-2092,Pipeline,East,Concrete,23.76,56.1,80.14,1284.68,27.4,7,50.21,124.41,77.13,29.88,1,77.27,1,20.27
ASSET-2093,Road,South,PVC,1.0,43.04,42.73,482.51,45.0,5,196.13,171.95,85.66,0.0,3,43.24,1,40.8
ASSET-2094,Electrical Pole,Central,Concrete,12.69,65.1,104.49,1250.77,12.73,4,196.84,126.75,95.67,17.55,1,85.64,0,30.89
ASSET-2095,Electrical Pole,East,Asphalt,11.19,76.08,154.24,1302.63,20.26,2,224.37,307.67,98.09,34.34,3,57.12,1,28.47
ASSET-2096,Pipeline,East,Asphalt,9.17,77.48,144.02,587.64,15.65,4,196.49,66.62,76.09,23.19,2,43.64,1,28.71
ASSET-2097,Electrical Pole,South,Steel,25.72,51.84,66.89,1238.21,7.56,2,146.99,2.82,25.72,0.0,3,56.62,1,13.69
ASSET-2098,Pipeline,Central,Concrete,12.68,73.9,82.87,1361.08,25.23,3,143.53,257.33,68.67,25.79,0,16.64,0,25.46
ASSET-2099,Road,East,Concrete,20.83,30.82,113.89,1145.75,25.95,5,45.88,216.92,76.82,31.3,0,68.71,1,22.07
ASSET-2100,Road,,PVC,25.03,57.27,62.89,883.53,24.46,5,,123.62,,33.34,0,54.08,1,17.47
ASSET-2101,Electrical Pole,West,Copper,14.9,34.25,91.46,875.3,29.46,2,127.19,99.16,61.2,40.95,1,50.49,0,19.85
ASSET-2102,Drainage,East,Concrete,15.31,25.93,137.08,1612.47,30.86,0,72.36,146.55,37.24,52.8,3,95.11,0,13.98
ASSET-2103,Streetlight,North,PVC,7.54,57.35,134.68,1047.83,19.9,0,210.61,178.07,58.87,40.68,1,61.03,1,22.97
ASSET-2104,Drainage,East,Copper,15.83,87.45,90.99,2171.59,30.08,4,110.94,277.4,74.03,16.36,0,65.6,1,26.75
ASSET-2105,Drainage,North,Composite,8.93,53.76,126.72,1382.38,18.5,6,163.83,281.78,31.18,41.62,2,88.61,1,17.76
ASSET-2106,Pipeline,West,Copper,3.36,79.12,144.33,200.0,29.31,5,93.84,130.99,84.02,22.7,1,72.62,0,36.35
ASSET-2107,Electrical Pole,East,Steel,35.54,65.76,99.0,890.16,15.9,6,107.72,295.07,66.07,22.01,2,56.62,1,10.46
ASSET-2108,Pipeline,West,Steel,5.94,91.35,76.19,1756.55,32.58,1,39.81,149.85,56.42,69.53,1,74.02,1,21.3
ASSET-2109,Road,Central,Steel,23.14,60.28,96.21,1942.28,17.57,7,17.02,258.15,46.71,28.69,1,49.24,1,16.13
ASSET-2110,Road,East,Copper,16.18,27.26,65.38,1498.96,25.27,2,225.94,58.01,65.49,24.89,2,58.87,1,20.97
ASSET-2111,Bridge,Central,Composite,16.92,18.12,120.95,1069.3,26.04,2,47.53,329.93,40.08,13.92,3,69.53,0,21.64
ASSET-2112,Electrical Pole,Central,Concrete,14.75,79.93,108.41,1339.6,27.03,4,160.46,399.6,68.49,31.72,0,57.07,0,22.45
ASSET-2113,Pipeline,North,Copper,36.63,74.69,78.69,1218.02,13.33,2,131.96,130.55,53.2,44.8,1,29.78,0,2.34
ASSET-2114,Drainage,West,Steel,1.0,43.6,47.35,200.0,35.16,3,98.76,161.16,51.52,43.22,1,44.37,1,27.95
ASSET-2115,Road,Industrial,PVC,11.92,30.45,82.81,1056.22,21.11,4,113.72,203.08,88.98,46.86,2,42.74,1,26.03
ASSET-2116,Pipeline,West,Composite,12.91,68.07,115.14,792.83,30.5,2,158.48,177.37,47.08,26.32,4,61.65,1,21.0
ASSET-2117,Bridge,West,Asphalt,41.0,26.12,117.52,200.0,25.0,5,187.03,100.07,90.7,24.33,1,50.2,1,9.02
ASSET-2118,Streetlight,West,Composite,6.64,86.39,96.44,1852.39,34.4,2,217.29,230.34,53.26,43.98,0,86.92,0,21.8
ASSET-2119,Bridge,North,Composite,26.14,53.58,132.94,250.81,18.26,3,298.85,72.95,41.27,6.11,2,47.3,0,11.93
ASSET-2120,Bridge,Central,Asphalt,16.41,70.26,90.26,1322.49,29.82,3,106.69,204.2,87.63,19.15,0,70.23,1,28.32
ASSET-2121,Electrical Pole,West,PVC,27.28,59.0,103.05,861.41,29.5,5,124.52,429.12,43.85,38.26,0,73.84,0,8.65
ASSET-2122,Streetlight,Central,Asphalt,2.19,28.32,76.0,1359.5,19.64,2,105.53,155.78,98.77,48.72,1,95.75,0,34.39
ASSET-2123,Electrical Pole,Industrial,Concrete,22.92,35.62,102.7,1521.31,18.81,1,126.92,143.98,98.62,49.82,0,65.67,0,19.21
ASSET-2124,Pipeline,West,Steel,30.67,27.12,64.32,1193.3,25.32,3,95.14,147.39,78.92,57.68,0,100.0,1,9.3
ASSET-2125,Electrical Pole,Industrial,PVC,37.61,81.59,113.67,2404.79,22.39,2,77.92,79.71,74.19,41.0,1,57.78,0,7.27
ASSET-2126,Drainage,East,Concrete,19.33,89.73,113.6,1753.51,26.72,0,0.0,388.28,62.43,22.66,1,67.91,0,23.17
ASSET-2127,Drainage,East,PVC,24.77,90.49,140.02,713.44,33.72,3,109.0,70.6,41.52,34.37,0,74.7,0,11.08
ASSET-2128,Pipeline,Industrial,Copper,15.19,61.17,136.03,308.82,18.48,4,145.0,290.35,87.61,36.94,1,63.96,1,24.85
ASSET-2129,Bridge,North,Steel,3.3,51.87,102.45,1475.13,16.68,1,101.24,376.74,57.25,58.48,3,58.82,1,24.27
ASSET-2130,Bridge,East,Asphalt,11.2,65.26,100.85,684.54,19.07,4,194.68,147.72,70.76,48.37,1,52.61,1,21.33
ASSET-2131,Drainage,West,Composite,10.45,39.55,175.07,1082.28,37.29,7,105.31,216.84,73.84,2.76,0,58.88,0,33.32
ASSET-2132,Bridge,South,PVC,13.75,92.83,87.9,2370.56,20.71,7,160.51,236.33,62.79,46.54,4,55.39,1,19.16
ASSET-2133,Pipeline,East,Composite,14.61,50.06,143.6,1713.21,38.03,4,123.15,222.39,91.26,30.06,3,64.58,1,27.72
ASSET-2134,Electrical Pole,North,Composite,1.0,72.67,56.83,1715.5,33.11,4,163.49,289.89,63.08,50.87,3,89.68,1,27.21
ASSET-2135,Road,North,Concrete,6.94,63.17,66.16,597.65,28.23,4,211.6,145.38,69.59,39.23,0,44.98,1,25.59
ASSET-2136,Pipeline,North,Asphalt,29.16,44.02,130.47,1564.39,11.07,5,161.8,222.29,69.45,16.2,3,56.17,0,15.61
ASSET-2137,Electrical Pole,Industrial,Concrete,9.17,64.15,72.72,630.55,21.62,2,47.02,260.64,69.95,60.05,0,26.9,1,23.22
ASSET-2138,Electrical Pole,South,Steel,19.49,92.12,110.93,3129.22,27.99,4,0.0,222.79,75.04,26.85,1,56.77,1,24.49
ASSET-2139,Electrical Pole,Central,Concrete,16.2,95.0,83.87,1301.59,21.36,5,134.14,152.01,37.33,39.87,1,56.91,1,14.72
ASSET-2140,Streetlight,Central,PVC,6.18,83.67,120.7,2058.42,35.32,5,28.62,364.34,55.3,29.63,2,71.62,1,29.13
ASSET-2141,Road,South,Copper,23.72,46.99,76.79,2720.72,24.65,3,62.92,204.47,75.56,34.68,2,89.74,1,18.8
ASSET-2142,Pipeline,East,Copper,12.05,55.86,75.56,1376.82,19.88,2,3.24,189.78,79.74,72.21,2,49.91,0,21.41
ASSET-2143,Electrical Pole,Industrial,Steel,4.4,30.57,56.13,2326.83,27.59,2,43.21,94.39,61.03,61.33,1,31.95,0,24.78
ASSET-2144,Bridge,South,Concrete,41.1,32.2,77.27,1986.09,28.74,3,21.49,83.33,55.68,35.14,1,55.32,1,3.79
ASSET-2145,Pipeline,West,Asphalt,17.61,33.99,103.79,1968.31,23.53,3,126.64,291.82,55.89,64.02,2,58.52,1,12.4
ASSET-2146,Streetlight,North,Asphalt,30.13,31.36,110.66,1458.19,16.58,4,142.66,162.13,87.53,23.56,1,55.63,0,17.1
ASSET-2147,Electrical Pole,North,PVC,11.85,65.06,88.77,316.2,8.79,5,22.35,207.94,72.99,27.63,4,61.23,1,28.87
ASSET-2148,Drainage,Industrial,Steel,25.56,60.7,88.05,1188.55,38.13,6,276.16,202.16,56.22,26.19,0,71.81,0,11.47
ASSET-2149,Bridge,East,Asphalt,12.14,10.0,168.91,857.64,19.81,7,23.34,293.66,61.43,8.52,4,74.62,1,30.39
ASSET-2150,Pipeline,North,Composite,27.2,62.35,112.97,460.71,26.0,2,,221.1,92.85,27.33,1,37.51,0,22.03
ASSET-2151,Streetlight,North,Composite,18.07,70.2,118.75,1527.11,19.43,2,183.63,261.2,68.9,26.48,3,51.52,0,20.78
ASSET-2152,Road,Industrial,Composite,25.46,52.26,63.57,2167.39,26.08,2,8.74,51.0,65.29,73.5,0,84.05,1,9.06
ASSET-2153,Streetlight,West,PVC,16.69,31.38,80.8,431.41,17.3,2,0.0,331.28,75.8,21.27,1,42.96,0,27.71
ASSET-2154,Electrical Pole,East,Composite,1.0,95.0,100.69,846.59,7.59,1,252.36,330.19,85.56,12.7,3,66.1,1,37.11
ASSET-2155,Bridge,West,Asphalt,24.55,63.92,49.79,481.1,20.41,5,9.57,162.47,68.82,50.85,2,39.82,1,14.84
ASSET-2156,Drainage,East,PVC,32.47,31.74,127.77,869.91,26.48,4,135.82,247.45,79.05,50.67,2,35.24,1,8.65
ASSET-2157,Bridge,East,Steel,20.7,43.72,61.72,1026.1,26.65,4,204.48,310.73,78.05,45.34,1,71.81,0,16.4
ASSET-2158,Bridge,West,Composite,22.87,53.91,159.56,872.29,38.09,1,185.09,323.66,37.67,37.78,2,62.54,1,9.51
ASSET-2159,Electrical Pole,West,Concrete,21.78,57.72,62.17,2620.83,20.47,4,68.25,0.0,55.36,6.05,3,47.08,1,22.14
ASSET-2160,Road,West,Asphalt,12.86,33.71,97.82,770.12,33.93,4,74.25,265.02,72.14,35.43,0,56.72,0,25.41
ASSET-2161,Pipeline,Industrial,Asphalt,21.22,81.67,72.44,2566.87,30.01,0,52.38,322.1,94.38,35.36,1,37.04,0,24.01
ASSET-2162,Road,South,Composite,31.21,35.24,120.34,2011.23,25.43,5,267.81,206.8,68.84,33.66,0,44.22,1,8.46
ASSET-2163,Road,East,Asphalt,22.42,51.72,104.83,306.04,24.17,6,30.49,181.65,38.62,8.89,2,52.43,1,18.87
ASSET-2164,Streetlight,Industrial,PVC,36.22,63.65,110.92,554.11,21.53,2,34.76,246.39,87.56,42.98,0,63.95,1,11.12
ASSET-2165,Road,North,Composite,1.0,81.46,56.06,527.72,26.04,4,114.18,68.99,92.4,1.28,0,56.07,0,43.39
ASSET-2166,Electrical Pole,West,Composite,5.36,79.45,59.65,2134.22,34.32,6,270.97,188.12,53.77,32.94,0,45.23,1,23.92
ASSET-2167,Drainage,South,Composite,19.51,48.77,72.43,1052.76,29.94,5,0.0,149.68,69.46,11.35,1,60.66,1,26.58
ASSET-2168,Streetlight,North,Concrete,23.19,56.54,68.57,2407.22,32.46,5,200.39,204.46,95.15,36.14,1,69.43,1,19.66
ASSET-2169,Streetlight,Industrial,Composite,33.76,85.24,112.79,1509.97,31.26,5,223.9,156.34,95.73,41.86,2,82.88,0,10.75
ASSET-2170,Streetlight,Industrial,Asphalt,25.47,73.32,83.32,2098.99,31.26,4,208.09,438.78,50.96,18.93,5,65.68,1,13.4
ASSET-2171,Pipeline,West,Asphalt,19.91,52.69,131.25,2766.75,19.01,3,91.94,253.29,94.0,67.42,2,100.0,0,17.66
ASSET-2172,Bridge,East,Steel,12.25,38.31,139.08,1273.7,12.62,3,140.45,115.38,53.74,30.85,0,69.43,0,22.12
ASSET-2173,Pipeline,East,Steel,1.0,56.81,110.59,1145.68,34.84,1,63.91,147.0,84.83,39.37,4,43.5,1,35.42
ASSET-2174,Pipeline,South,Asphalt,4.05,90.78,52.07,1609.84,16.19,0,90.02,269.95,50.01,46.52,2,35.11,0,25.06
ASSET-2175,Streetlight,South,Concrete,15.72,86.54,114.52,1043.1,28.74,2,209.1,291.33,74.18,39.61,0,33.66,0,20.24
ASSET-2176,Streetlight,Industrial,Copper,14.23,53.25,126.88,1753.46,26.66,6,44.52,287.73,57.77,59.79,1,22.03,1,17.59
ASSET-2177,Road,West,Steel,25.3,71.19,81.3,977.24,23.56,0,0.0,310.16,57.17,72.11,3,86.21,1,8.16
ASSET-2178,Bridge,North,Asphalt,11.5,22.83,62.39,932.13,3.64,3,103.87,50.56,53.27,30.59,2,41.97,1,23.34
ASSET-2179,Streetlight,East,Steel,20.92,57.74,96.41,808.79,13.0,7,170.42,280.57,70.49,31.72,2,24.98,1,18.29
ASSET-2180,Pipeline,South,Copper,6.85,39.04,81.36,672.18,28.0,4,231.43,427.38,49.27,37.95,1,57.74,1,21.86
ASSET-2181,Electrical Pole,Central,Asphalt,7.15,36.66,102.21,632.79,26.43,3,131.33,84.67,74.83,17.38,1,82.11,0,32.36
ASSET-2182,Drainage,Industrial,Asphalt,20.61,61.44,119.52,357.86,40.47,1,190.37,254.69,55.76,55.18,2,92.02,1,10.77
ASSET-2183,Electrical Pole,South,Steel,19.93,52.83,79.56,200.0,22.14,3,140.96,37.69,67.7,46.53,2,24.52,0,16.11
ASSET-2184,Pipeline,East,Composite,25.06,50.07,89.45,200.0,38.44,4,0.0,217.52,78.2,59.45,1,58.22,1,14.64
ASSET-2185,Bridge,West,Steel,11.57,66.96,71.5,664.21,24.39,1,248.17,372.73,63.84,7.27,2,49.32,0,26.97
ASSET-2186,Pipeline,Industrial,Composite,29.75,39.26,111.34,1268.4,18.91,4,190.28,188.68,73.75,17.54,3,76.8,1,15.14
ASSET-2187,Bridge,West,Steel,13.89,52.51,137.43,519.86,30.44,2,262.25,186.34,94.69,19.77,0,53.78,1,28.12
ASSET-2188,Pipeline,South,Copper,20.63,44.79,117.75,1074.03,6.27,5,49.4,143.84,99.96,70.46,0,68.4,1,18.47
ASSET-2189,Bridge,East,Copper,12.48,49.26,76.83,200.0,25.86,4,66.32,288.78,64.15,22.26,2,30.23,0,27.03
ASSET-2190,Drainage,North,Concrete,27.07,46.96,124.68,1972.88,30.76,2,19.93,36.59,91.85,32.3,0,55.62,0,20.73
ASSET-2191,Pipeline,Industrial,Asphalt,28.81,70.57,108.16,1582.73,26.62,4,137.68,179.99,85.56,42.23,0,67.52,0,14.03
ASSET-2192,Electrical Pole,West,Composite,20.47,67.23,91.87,1687.04,24.45,5,83.48,141.27,82.84,28.36,4,68.2,1,23.24
ASSET-2193,Streetlight,East,Concrete,18.25,71.4,80.58,1753.81,33.06,6,84.74,57.73,61.02,29.37,4,97.51,1,20.64
ASSET-2194,Road,North,PVC,21.45,55.19,84.5,1694.81,44.7,7,211.04,292.33,86.98,34.05,0,57.63,0,19.61
ASSET-2195,Drainage,East,Copper,22.22,25.93,90.41,704.44,34.12,2,146.26,110.0,100.0,0.98,2,35.01,0,29.32
ASSET-2196,Streetlight,Industrial,Composite,12.91,59.12,102.66,1337.56,26.37,2,106.88,183.16,75.52,33.69,2,59.68,0,25.68
ASSET-2197,Road,East,Copper,20.01,47.35,63.43,1292.42,35.87,4,54.6,261.47,65.97,49.29,0,64.36,0,16.92
ASSET-2198,Pipeline,West,Composite,12.82,45.14,48.01,1507.24,28.33,4,142.03,103.77,89.39,54.86,0,67.58,1,23.3
ASSET-2199,Streetlight,North,Copper,26.75,45.6,86.12,1520.47,11.41,1,40.82,0.37,91.53,0.0,2,72.61,1,26.93
ASSET-2200,Bridge,Central,,15.06,41.63,101.99,1201.1,34.03,0,,236.16,,50.04,1,55.57,0,21.64
